/*
This script contains additional airports and airspaces that seem
to be valid, but were missing from the Eurocontrol-based data set
for May 2017. These missing records have been re-integrated into
the load file named "navdb-aero-data-8.3.8-20170526.pg92.sql".

If you ever get a new Eurocontrol data set, you may want to re-integrate
the following records into it manually.

  -- dpanech 2017-07-10

*/

--------------------------------------------------------------
-- airports
--------------------------------------------------------------
COPY airport (airport_pk, effectivedt, updatedt, updateoper, source, diffind, mslink, mapid, bltype, orgauth_pk, ident, nam, codeicao, codeiata, typ, areacode, icao, latitude, longitude, codedatum, valgeoaccuracy, uomgeoaccuracy, p_elev, p_elevuom, goidundulation, p_geoiduom, verdatum, p_vertacc, p_vertaccuom, elevation, fieldelevationuom, elevaccuracy, fieldelevaccuom, descrrefpt, descrrefpt_lcl, assoccity, certifiedicao, privateuse, controltype, intlfc, magtrueind, magvariation, magvaracc, magvardate, magvarchg, temperature, uomreft, descracl, descracl_lcl, altimetercheckloc, descrsrypwr, descrsrypwr_lcl, secpowersupply, descrwdi, descrwdi_lcl, winddirind, descrldi, descrldi_lcl, landingdirind, transitnalt, uomtransalt, transitnlvl, transitionleveluom, lowesttemperature, lowesttempuom, abandoned, certificationdate, certexpdate, lngrwy, uomlngrwy, lngrwysurf, speedlimit, speedlmtalt, uomspeedlmtalt, txtrmk, txtrmk_lcl, descrsite, descrsite_lcl, authority, day_ind, timezone, timezonemin, codewrkhr, txtrmkworkhr, txtrmkworkhr_lcl, airspace_pk, airspace_pk2, vor_pk, ctldaspind, ctldaspaptid, ctldaspapticao, standmarking, standmarking_lcl, twyguideline, twyguideline_lcl, visualparking, visualparking_lcl, stop_bar_desc, stop_bar_dec_lcl, s_hacc, s_haccuom, s_elev, s_elevuom, s_geoid, s_geoiduom, s_vertdatum, s_vertacc, s_vertaccuom, valcrc, geom, geom_s, validfrom, validto, uuid) FROM stdin;
34952	2015-05-28 00:00:00	2015-10-27 16:27:51.147702	aixmimporter	aixmimporter	\N	395	\N	A	99	HKBA	BUSIA	HKBA	\N	AD	\N	\N	0.463944444444444	34.1341111111111	WGE	\N	\N	\N	\N	\N	\N	\N	\N	\N	\N	\N	\N	\N	\N	\N	\N	\N	\N	\N	\N	\N	\N	\N	\N	\N	\N	\N	\N	\N	\N	\N	\N	\N	\N	\N	\N	\N	\N	\N	\N	\N	\N	\N	\N	\N	\N	\N	\N	\N	\N	\N	\N	\N	\N	\N	\N	\N	\N	\N	\N	\N	\N	\N	\N	\N	\N	\N	\N	\N	\N	\N	\N	\N	\N	\N	\N	\N	\N	\N	\N	\N	\N	\N	\N	\N	\N	\N	\N	\N	0101000020E610000050208A8D2A1141408F2F030A44B1DD3F	\N	2015-05-28 00:00:00	infinity	\N
34953	2015-05-28 00:00:00	2015-10-27 16:27:54.072287	aixmimporter	aixmimporter	\N	3110	\N	A	99	HKMY	MOYALE / BOMA	HKMY	OYL	AD	\N	\N	3.56922222222222	39.03425	WGE	\N	\N	\N	\N	\N	\N	\N	\N	\N	\N	\N	\N	\N	\N	\N	MARSABIT	\N	\N	\N	\N	\N	\N	\N	\N	\N	\N	\N	\N	\N	\N	\N	\N	\N	\N	\N	\N	\N	\N	\N	\N	\N	\N	\N	\N	\N	\N	\N	\N	\N	\N	\N	\N	\N	\N	\N	\N	\N	\N	\N	\N	\N	\N	\N	\N	\N	\N	\N	\N	\N	\N	\N	\N	\N	\N	\N	\N	\N	\N	\N	\N	\N	\N	\N	\N	\N	\N	\N	\N	\N	0101000020E6100000AAF1D24D628443409ECE6461C48D0C40	\N	2015-05-28 00:00:00	infinity	\N
34954	2015-05-28 00:00:00	2015-10-27 16:27:54.075287	aixmimporter	aixmimporter	\N	3114	\N	A	99	HKEW	EL WAK	HKEW	\N	AD	\N	\N	2.73038888888889	40.9343055555556	WGE	\N	\N	\N	\N	\N	\N	\N	\N	\N	\N	\N	\N	\N	\N	\N	\N	\N	\N	\N	\N	\N	\N	\N	\N	\N	\N	\N	\N	\N	\N	\N	\N	\N	\N	\N	\N	\N	\N	\N	\N	\N	\N	\N	\N	\N	\N	\N	\N	\N	\N	\N	\N	\N	\N	\N	\N	\N	\N	\N	\N	\N	\N	\N	\N	\N	\N	\N	\N	\N	\N	\N	\N	\N	\N	\N	\N	\N	\N	\N	\N	\N	\N	\N	\N	\N	\N	\N	\N	\N	0101000020E610000086CA0E5397774440D01D3921D6D70540	\N	2015-05-28 00:00:00	infinity	\N
34955	2015-05-28 00:00:00	2015-10-27 16:27:54.307334	aixmimporter	aixmimporter	\N	3341	\N	A	99	HKMK	MERU MULIKA / LODGE	HKMK	JJM	AD	\N	\N	0.230611111111111	38.1842222222222	WGE	\N	\N	\N	\N	\N	\N	\N	\N	\N	\N	\N	\N	\N	\N	\N	MERU	\N	\N	\N	\N	\N	\N	\N	\N	\N	\N	\N	\N	\N	\N	\N	\N	\N	\N	\N	\N	\N	\N	\N	\N	\N	\N	\N	\N	\N	\N	\N	\N	\N	\N	\N	\N	\N	\N	\N	\N	\N	\N	\N	\N	\N	\N	\N	\N	\N	\N	\N	\N	\N	\N	\N	\N	\N	\N	\N	\N	\N	\N	\N	\N	\N	\N	\N	\N	\N	\N	\N	\N	\N	0101000020E610000008D201989417434041812836AA84CD3F	\N	2015-05-28 00:00:00	infinity	\N
\.


---------------------------------------------------------------
-- airspaces
---------------------------------------------------------------
INSERT INTO airspace VALUES (27954, '2012-05-31 00:00:00', '2012-10-03 11:16:16', 't.aloisi', 'FIRST LOAD', NULL, 27954, NULL, 'A', 'CTR', 'CTR011', 'TK', NULL, 'ROBERT L. BRADSHAW CTR', NULL, 17.210310899976601, -62.722687555442199, NULL, NULL, 'STD', 65, NULL, 'FL', 'SFC', 0, 'FT', NULL, NULL, 'FT', NULL, NULL, NULL, NULL, NULL, NULL, NULL, NULL, 'E', NULL, NULL, 'N', NULL, NULL, NULL, NULL, NULL, NULL, NULL, NULL, NULL, NULL, NULL, NULL, NULL, NULL, ST_Force2D('01060000A0E6100000010000000103000080010000000E0000000200000000804FC0604CDFDDDD5D314000000000000000000200000000804FC0B7FE686D6646314000000000000000000200000000804FC06F80EDEEEE2E314000000000000000007A96CC48FA6F4FC0FD62122B9018314000000000000000004F12A464F85F4FC006A4AF4A2C023140000000000000000060A2294EFA4F4FC0A4B30656C3EB304000000000000000000300000000404FC0D6E6535555D5304000000000000000000100000000404FC0EBCCCEE0BBFB304000000000000000000100000000404FC0409F4D472222314000000000000000000300000000404FC0091A8788884831400000000000000000C39EC3D5744F4FC0F7E79CEFD4673140000000000000000031A6EFEEEE5E4FC0C910C8711C87314000000000000000006B635553796F4FC05AB643EC7F72314000000000000000000200000000804FC0604CDFDDDD5D31400000000000000000'));
INSERT INTO airspace VALUES (27955, '2013-12-12 00:00:00', '2013-11-18 10:49:19', 'smohmdal', 'AMENDMENT0-7', NULL, 27955, NULL, NULL, 'CTR', 'CTR010', 'TF', NULL, 'POINT-A-PITRE CTR', NULL, 16.315607674295499, -61.5790882865575, NULL, NULL, NULL, 3000, NULL, 'FT', 'SFC', 0, 'FT', NULL, NULL, 'FT', NULL, NULL, NULL, NULL, NULL, NULL, NULL, NULL, 'D', NULL, NULL, 'N', NULL, NULL, NULL, NULL, NULL, NULL, NULL, NULL, NULL, NULL, NULL, NULL, NULL, NULL, ST_Force2D('01060000A0E610000001000000010300008001000000990000001A3B8B25BFC84EC02A5C8FC2F59830400000000000000000AA290D2DC8C94EC0C15E94EC1A993040000000000000000047E59BCDB4CA4EC0FA054908E69830400000000000000000FB0A46CDA0CB4EC05DEF3C94A79830400000000000000000128069118CCC4EC0617A7C975F9830400000000000000000A5A8797F76CD4EC08C71271A0E9830400000000000000000E27102FD5FCE4EC0821C7025B39730400000000000000000C559AB6F48CF4EC074319AC34E97304000000000000000006C733ABD2FD04EC0BAA8F9FFE09630400000000000000000626797CB15D14EC03770F1E66996304000000000000000003E70CE80FAD14EC01400F285E995304000000000000000009A5213C3DDD24EC093D077EB5F95304000000000000000003350C478BFD34EC089B10927CD9430400000000000000000EC156D889FD44EC0D802374931943040000000000000000056A4C9D87DD54EC035CF95638C93304000000000000000004A32C9505AD64EC09CC8C088DE9230400000000000000000640991D734D74EC0482755CC279230400000000000000000CD5B7F540DD84EC0896AF04268913040000000000000000018132EAFE3D84EC096FD2D02A09030400000000000000000689875CFB7D94EC001BEA420CF8F304000000000000000002C946F9D89DA4EC09666E4B5F58E3040000000000000000084A6790159DB4EC082DD72DA138E30400000000000000000991738E425DC4EC07B66C9A7298D30400000000000000000D27E982EF0DC4EC005B95138378C30400000000000000000D361D4C9B7DD4EC016FC62A73C8B30400000000000000000E2C9739F7CDE4EC027A63E113A8A3040000000000000000032D04F993EDF4EC0BA420D932F8930400000000000000000122095A1FDDF4EC0171EDB4A1D8830400000000000000000856FC6A2B9E04EC0D3D6945703873040000000000000000004EDBE8772E14EC0AAD603D9E185304000000000000000002BA3B43B28E24EC00AB1CAEFB884304000000000000000003BD13AAADAE24EC0F26A61BD8883304000000000000000004D3844BF89E34EC00AA91164518230400000000000000000AB5D256735E44EC028C7F206138130400000000000000000D8C0968EDDE44EC078D8E5C9CD7F304000000000000000004306B72282E54EC0D99091D1817E3040000000000000000066150D1123E64EC0F4175E432F7D30400000000000000000A9158A47C0E64EC02AA47045D67B3040000000000000000029CB8BB459E74EC0B1B4A7FE767A30400000000000000000BD06DE46EFE74EC07DBF9596117930400000000000000000F3EFBCED80E84EC061527D35A67730400000000000000000AACAD6980EE94EC033544C043576304000000000000000009CC74D3898E94EC07D5D972CBE743040000000000000000067C7B9BC1DEA4EC073FF94D8417330400000000000000000C80F2A179FEA4EC0ECF71833C071304000000000000000007AF226391CEB4EC047548F673970304000000000000000008A66B31495EB4EC02D84F7A1AD6E3040000000000000000079924E9C09EC4EC0DA5ADF0E1D6D304000000000000000007548F5C279EC4EC0F5015EDB876B30400000000000000000B073237CE5EC4EC043DC0E35EE69304000000000000000000777D5BB4CED4EC0BB5A0C4A506830400000000000000000487C8976AFED4EC0FBC2EA48AE6630400000000000000000E5B440A10DEE4EC07BE9B260086530400000000000000000268B803167EE4EC08ADDDCC05E633040000000000000000048C4531DBCEE4EC0008B4A99B16130400000000000000000B6924B5B0CEF4EC03A4F421A0160304000000000000000005A9980E257EF4EC0EA8369744D5E3040000000000000000032DC93AA9EEF4EC0EAFDBED8965C3040000000000000000048B1AFABE0EF4EC0EB8B9578DD5A30400000000000000000327A88DE1DF04EC040558E8521593040000000000000000066825D3C56F04EC0BE4E933163573040000000000000000087A6F9BE89F04EC08D91D1AEA25530400000000000000000E2FAB360B8F04EC0ACB3B32FE05330400000000000000000E05F701CE2F04EC0B618DCE61B52304000000000000000001006A0ED06F14EC0503D1F075650304000000000000000006BE241D026F14EC066FD7DC38E4E304000000000000000000612E3C041F14EC092D51F4FC64C304000000000000000006CC4E8933EF14EC00B7809B6604B3040000000000000000070D8ECC528E14EC02CB17E9F2335304000000000000000006B62569316D14EC02DAF0D9FE11E304000000000000000001BC9E6F607C14EC0FA86DEBC9A0830400000000000000000DE70FD839BC04EC06E758E0C8D08304000000000000000009D954749F7BF4EC05930A64CBF0830400000000000000000A655B9A253BF4EC096BCEF2EF80830400000000000000000BD43A3A2B0BE4EC0F96D0DAD370930400000000000000000A082435B0EBE4EC0DC3CE4BF7D093040000000000000000086BFC3DE6CBD4EC0A48F9C5FCA0930400000000000000000B92E373FCCBC4EC06E19A3831D0A30400000000000000000868A988E2CBC4EC0E9CCA922770A304000000000000000001515C8DE8DBB4EC0E5E4A832D70A304000000000000000009F9C8941F0BA4EC05600E0A83D0B304000000000000000000B8382C853BA4EC0DD53D779AA0B30400000000000000000A0C83785B8B94EC008EF60991D0C30400000000000000000261A0C891EB94EC002169AFA960C30400000000000000000BCE23DE585B84EC041AFEC8F160D304000000000000000007961E5AAEEB74EC027C5104B9C0D304000000000000000003CC3F2EA58B74EC0CA1B0E1D280E30400000000000000000A9402CB6C4B64EC037D93DF6B90E30400000000000000000B1402C1D32B64EC0E7424CC6510F30400000000000000000CD7F5F30A1B54EC08F8C3A7CEF0F30400000000000000000DC3B030012B54EC025BB60069310304000000000000000006E65239C84B44EC0919A6F523C113040000000000000000048D69814F9B34EC08EC5724DEB1130400000000000000000F18C07796FB34EC061C0D2E39F12304000000000000000008BEEDCD8E7B24EC0CA2557015A1330400000000000000000F40D4E4362B24EC045E5289119143040000000000000000063F955C7DEB14EC00894D47DDE14304000000000000000000E0EB4735DB14EC037CE4CB1A81530400000000000000000FC51EA56DEB04EC09EAAEC14781630400000000000000000ECD43B7F61B04EC05E3E7A914C17304000000000000000007A17ABFAE6AF4EC09731290F261830400000000000000000D479F8D66EAF4EC09C649D75041930400000000000000000D0B0A021F9AE4EC032A5EDABE71930400000000000000000E457DBE785AE4EC05A99A698CF1A30400000000000000000801E993615AE4EC038F5CC21BC1B304000000000000000009BDA821AA7AD4EC0E157E12CAD1C3040000000000000000068BFF79F3BAD4EC0CB8FE29EA21D30400000000000000000E5100CD3D2AC4EC012CA505C9C1E3040000000000000000079C787BF6CAC4EC090A130499A1F30400000000000000000363CE57009AC4EC06C3C0E499C2030400000000000000000C8DC4FF2A8AB4EC0EB76003FA221304000000000000000008FE8A24E4BAB4EC0D11BAC0DAC223040000000000000000064366890F0AA4EC058294797B92330400000000000000000C802D7C198AA4EC001239CBDCA24304000000000000000005CC7D2EC43AA4EC0EC6E0D62DF2530400000000000000000A61BEA1AF2A94EC012C09865F72630400000000000000000AB9E5555A3A94EC0108BDAA81228304000000000000000002FEAF6A457A94EC00386110C3129304000000000000000007C8F57120FA94EC0BF33226F522A304000000000000000005D1DA8A5C9A84EC061789AB1762B304000000000000000009830BF6687A84EC00939B5B29D2C30400000000000000000828D185D48A84EC05D035E51C72D304000000000000000000344D48F0CA84EC012C0346CF32E3040000000000000000050DDB505D4A74EC0536C91E1213030400000000000000000349423C59EA74EC028DD878F523130400000000000000000459725D46CA74EC03089EB53853230400000000000000000AF5565383EA74EC0D15A530CBA333040000000000000000035D62CF712A74EC038891D96F03430400000000000000000F6186615EBA64EC0B07773CE283630400000000000000000AA839A97C6A64EC0749B4D92623730400000000000000000A058F281A5A64EC0496777BE9D38304000000000000000005A3834D887A64EC0C73B932FDA39304000000000000000003AAEC49D6DA64EC0BE5D1EC2173B30400000000000000000C5C7A5D556A64EC0B2EF7452563C304000000000000000001BB7768243A64EC04BF0D5BC953D30400000000000000000618073A633A64EC0F73B67DDD53E3040000000000000000006B2744327A64EC09C9139901640304000000000000000002A28EF5A1EA64EC0F3994CB157413040000000000000000092DBF3ED18A64EC078F1921C99423040000000000000000026BB2FFD16A64EC0C833F6ADDA4330400000000000000000EE90EB8818A64EC0FA075B411C453040000000000000000082F20B911DA64EC0B12EA5B25D46304000000000000000001D3C111526A64EC0EE8FBBDD9E47304000000000000000009A97171432A64EC002498C9EDF4830400000000000000000470ED78C41A64EC0BAB910D11F4A3040000000000000000028A6A37D54A64EC0879151515F4B304000000000000000004E8A6DE46AA64EC0ECD96AFB9D4C30400000000000000000D13EC1BE84A64EC0D5FF8FABDB4D30400000000000000000ACDFC709A2A64EC0A8DA0F3E184F30400000000000000000C9826CA0D3A64EC0A0559EF4494F30400000000000000000BF09B04A1FB24EC0B9A50A0DDB67304000000000000000001137C1CA6DBD4EC0B27987A86980304000000000000000001A3B8B25BFC84EC02A5C8FC2F59830400000000000000000'));
INSERT INTO airspace VALUES (27956, '2013-12-12 00:00:00', '2013-11-19 09:42:25', 'smohmdal', 'AMENDMENT0-7', NULL, 27956, NULL, NULL, 'CTR', 'CTR015', 'TQ', NULL, 'C. J. LLOYD CTR', NULL, 18.245986044725097, -63.057447233139193, NULL, NULL, NULL, 2600, NULL, 'FT', 'SFC', 0, 'FT', NULL, NULL, 'FT', NULL, NULL, NULL, NULL, NULL, NULL, NULL, NULL, 'D', NULL, NULL, 'N', NULL, NULL, NULL, NULL, NULL, NULL, NULL, NULL, NULL, NULL, NULL, NULL, NULL, NULL, ST_Force2D('01060000A0E6100000010000000103000080010000009C000000D67C2327C4A04FC030541A0B6C263240000000000000000042C9317C3D894FC00338A111712632400000000000000000EAE671D1B6714FC0CB9047966A2632400000000000000000241669968F714FC001E2025E5327324000000000000000007461E92F72714FC0B248D88007283240000000000000000061E4BF9150714FC041AE55FDE32832400000000000000000535E6A5F31714FC00556F1C5C12932400000000000000000FA19729C14714FC0277EC8C1A02A3240000000000000000074961A4CFA704FC0558ED5D7802B324000000000000000000A266171E2704FC08BE5F2EE612C324000000000000000001894FC0ECD704FC0E7AADDED432D32400000000000000000F6D25C27BA704FC054A238BB262E32400000000000000000A5B1AABCA9704FC0CF038F3D0A2F32400000000000000000FF99C7D09B704FC03056575BEE2F32400000000000000000D8554D6590704FC0B24BF6FAD2303240000000000000000036DD8D7B87704FC084A1C102B83132400000000000000000A42B931481704FC0210003599D32324000000000000000001F1E1F317D704FC061DEFAE3823332400000000000000000EB58ABD17B704FC09E64E389683432400000000000000000663569F67C704FC08251F3304E35324000000000000000002AB8419F80704FC0E5DE60BF3336324000000000000000002D8FD5CB86704FC087A7641B193732400000000000000000D5177D7B8F704FC0D38B3C2BFE3732400000000000000000A76D48AD9A704FC01B972ED5E23832400000000000000000AF80FF5FA8704FC053E38BFFC63932400000000000000000EE332292B8704FC04B7CB390AA3A324000000000000000009984E841CB704FC06641156F8D3B3240000000000000000081B8426DE0704FC024C534816F3C324000000000000000007795D911F8704FC0152BACAD503D3240000000000000000013A00E2D12714FC095032FDB303E324000000000000000001B63FCBB2E714FC080248DF00F3F324000000000000000006FBE76BB4D714FC09C7EB5D4ED3F324000000000000000009C3E0B286F714FC0CFF0B86ECA40324000000000000000008F7B01FE92714FC0E715CDA5A5413240000000000000000017805B39B9714FC046104F617F4232400000000000000000E638D6D5E1714FC02A50C68857433240000000000000000049EBE9CE0C724FC07355E7032E44324000000000000000000CB4CA1F3A724FC0956C96BA024532400000000000000000F50D69C369724FC0CC66EA94D54532400000000000000000D75F72B49B724FC0F44B2F7BA64632400000000000000000C19251EDCF724FC0FA06E95575473240000000000000000030AF2F6806734FC03F0CD60D4248324000000000000000003E82F41E3F734FC032F9F18B0C4932400000000000000000204A470B7A734FC0822D78B9D44932400000000000000000FA698F26B7734FC0F45CE67F9A4A324000000000000000002F25F569F6734FC0DC19FFC85D4B32400000000000000000CA6162CE37744FC07058CC7E1E4C324000000000000000003D72834C7B744FC088E9A18BDC4C32400000000000000000F7E5C7DCC0744FC0A9ED1FDA974D324000000000000000003161637708754FC0FA3E3555504E32400000000000000000957B4E1452754FC06DD321E8054F32400000000000000000A7A547AB9D754FC08314797EB84F32400000000000000000EE14D433EB754FC0152F2404685032400000000000000000B7B640A53A764FC0CE5864651451324000000000000000003E29A3F68B764FC0710BD58EBD513240000000000000000083BBDA1EDF764FC044376E6D6352324000000000000000003273911434774FC0CE6986EE0553324000000000000000009D183DCE8A774FC076EAD4FFA453324000000000000000001A492042E3774FC0ECCC738F40543240000000000000000017794B663D784FC08827E28BD854324000000000000000004E679E3099784FC06C5505E46C553240000000000000000023C4C896F6784FC0ECF12B87FD55324000000000000000002EAB4B8E55794FC0ED100F658A56324000000000000000008DBE7A0CB6794FC00840D46D135732400000000000000000715A7D06187A4FC005530F929857324000000000000000006BCE4F717B7A4FC07722C4C2195832400000000000000000689BC441E07A4FC0F23E68F19658324000000000000000006EB6856C467B4FC01F97E40F105932400000000000000000BFD015E6AD7B4FC03610971085593240000000000000000085A3D1A2167C4FC0F11154E6F55932400000000000000000EE40F196807C4FC00A056884625A32400000000000000000F86889B6EB7C4FC079C398DECA5A3240000000000000000073E28CF5577D4FC043FC26E92E5B3240000000000000000041D8CD47C57D4FC0E187CF988E5B32400000000000000000363AFFA0337E4FC0ABAFCCE2E95B324000000000000000004B21B6F4A27E4FC09566D7BC405C3240000000000000000019386B36137F4FC03574281D935C32400000000000000000F5257C59847F4FC0269079FAE05C3240000000000000000072FD2C51F67F4FC0EC6F064C2A5D324000000000000000001AAEA91069804FC084C58D096F5D324000000000000000007878078BDC804FC04F2F522BAF5D324000000000000000006E6546B350814FC039191BAAEA5D3240000000000000000076BF527CC5814FC0508E357F215E32400000000000000000A28E06D93A824FC05DFB74A4535E3240000000000000000082162BBCB0824FC0B3E23314815E32400000000000000000ED557A1827834FC02A8054C9A95E324000000000000000001189A0E09D834FC0D75D41BFCD5E3240000000000000000086AC3D0715844FC05FD9EDF1EC5E324000000000000000001402E77E8C844FC05399D65D075F32400000000000000000E396283A04854FC00CF401001D5F324000000000000000009DCA862B7C854FC09C4500D62D5F324000000000000000004FD77F45F4854FC08D36ECDD395F324000000000000000003E5A8D7A6C864FC071F36A16415F324000000000000000002EDD25BDE4864FC03A54AC7E435F324000000000000000001D60BEFF5C874FC071F36A16415F324000000000000000000BE3CB34D5874FC08D36ECDD395F32400000000000000000BEEFC44E4D884FC09C4500D62D5F3240000000000000000076232340C5884FC00CF401001D5F324000000000000000004AB864FB3C894FC05399D65D075F32400000000000000000D30D0E73B4894FC05FD9EDF1EC5E324000000000000000004A31AB992B8A4FC0D75D41BFCD5E324000000000000000006B64D161A28A4FC02A8054C9A95E32400000000000000000D9A320BE188B4FC0B3E23314815E32400000000000000000B52B45A18E8B4FC05DFB74A4535E32400000000000000000E5FAF8FD038C4FC0508E357F215E32400000000000000000ED5405C7788C4FC039191BAAEA5D32400000000000000000E14144EFEC8C4FC04F2F522BAF5D324000000000000000003F0CA269608D4FC084C58D096F5D32400000000000000000EABC1E29D38D4FC0EC6F064C2A5D324000000000000000006694CF20458E4FC0269079FAE05C324000000000000000004282E043B68E4FC03574281D935C3240000000000000000010999585268F4FC09566D7BC405C3240000000000000000026804CD9958F4FC0ABAFCCE2E95B324000000000000000001AE27D3204904FC0E187CF988E5B32400000000000000000E6D7BE8471904FC043FC26E92E5B324000000000000000006151C2C3DD904FC079C398DECA5A324000000000000000006C795AE348914FC00A056884625A32400000000000000000D4167AD7B2914FC0F11154E6F559324000000000000000009BE935941B924FC036109710855932400000000000000000ED03C60D83924FC01F97E40F105932400000000000000000F31E8738E9924FC0F23E68F1965832400000000000000000EEEBFB084E934FC07722C4C2195832400000000000000000EA5FCE73B1934FC005530F92985732400000000000000000CDFBD06D13944FC00840D46D1357324000000000000000002D0F00EC73944FC0ED100F658A563240000000000000000039F682E3D2944FC0ECF12B87FD55324000000000000000000E53AD4930954FC06C5505E46C5532400000000000000000454100148C954FC08827E28BD8543240000000000000000042712B38E6954FC0ECCC738F405432400000000000000000BCA10EAC3E964FC076EAD4FFA453324000000000000000002947BA6595964FC0CE6986EE055332400000000000000000D6FE705BEA964FC044376E6D6352324000000000000000001D91A8833D974FC0710BD58EBD5132400000000000000000A2030BD58E974FC0CE5864651451324000000000000000006BA57746DE974FC0152F2404685032400000000000000000B21404CF2B984FC08314797EB84F32400000000000000000C63EFD6577984FC06DD321E8054F324000000000000000002859E802C1984FC0FA3E3555504E3240000000000000000062D4839D08994FC0A9ED1FDA974D324000000000000000001C48C82D4E994FC088E9A18BDC4C324000000000000000008F58E9AB91994FC07058CC7E1E4C324000000000000000002B955610D3994FC0DC19FFC85D4B324000000000000000006250BC53129A4FC0F45CE67F9A4A324000000000000000003D70046F4F9A4FC0822D78B9D449324000000000000000001F38575B8A9A4FC032F9F18B0C4932400000000000000000290B1C12C39A4FC03F0CD60D4248324000000000000000009927FA8CF99A4FC0FA06E955754732400000000000000000845AD9C52D9B4FC0F44B2F7BA6463240000000000000000066ACE2B65F9B4FC0CC66EA94D545324000000000000000004F06815A8F9B4FC0956C96BA02453240000000000000000010CF61ABBC9B4FC07355E7032E4432400000000000000000768175A4E79B4FC02A50C688574332400000000000000000423AF040109C4FC046104F617F4232400000000000000000CA3E4A7C369C4FC0E715CDA5A54132400000000000000000655451703C9C4FC030DD2406814132400000000000000000D67C2327C4A04FC030541A0B6C2632400000000000000000'));
INSERT INTO airspace VALUES (27957, '2012-05-31 00:00:00', '2012-10-02 11:58:48', 'fa.desan', 'FIRST LOAD', NULL, 27957, NULL, 'A', 'CTR', 'CTR014', 'TA', NULL, 'V.C. BIRD CTR', NULL, 17.312118534828599, -61.801858760480293, NULL, NULL, 'MSL', 3000, NULL, 'FT', 'SFC', 0, 'FT', NULL, NULL, 'FT', NULL, NULL, NULL, NULL, NULL, NULL, NULL, NULL, 'E', NULL, NULL, 'N', NULL, NULL, NULL, NULL, NULL, NULL, NULL, NULL, NULL, NULL, NULL, NULL, NULL, NULL, ST_Force2D('01060000A0E610000001000000010300008001000000320100006508E4388ECB4EC0F787F6499F64314000000000000000004492DD8C1BBE4EC036FDEB68CC8631400000000000000000723D0AD7A3B04EC02A5C8FC2F5A83140000000000000000047A01869E4B14EC096F74E1DBFAA31400000000000000000555CEC656AB34EC00F0AA2DED4AC3140000000000000000020E82A2AF6B44EC01EAB19CDDAAE31400000000000000000435D2E8987B64EC0508007AED0B03140000000000000000091B6A9551EB84EC0BBD88C48B6B231400000000000000000F4FFAD61BAB94EC0CD4DA1658BB431400000000000000000EE9BAF7E5BBB4EC0102D19D04FB631400000000000000000299D8B7D01BD4EC087ACAB5403B831400000000000000000EE338D2EACBE4EC0D7E6F8C1A5B9314000000000000000009F2E73615BC04EC0639F8FE836BB314000000000000000004B8C75E50EC24EC0DCCCF29AB6BC31400000000000000000A4214B89C6C34EC098EA9EAD24BE31400000000000000000EE4D2F1B82C54EC0600F0FF780BF3140000000000000000024C1E76841C74EC067C8C14FCBC031400000000000000000ED50CA3F04C94EC02CB93D9203C2314000000000000000009DDCC26CCACA4EC0B6FE159B29C3314000000000000000005C3F59BC93CC4EC08355EE483DC431400000000000000000124FB7FA5FCE4EC067027F7C3EC53140000000000000000073E8AEF32ED04EC0DB7C98182DC631400000000000000000D805C07200D24EC01EDB260209C7314000000000000000000AE21E43D4D34EC0B4FE3420D2C7314000000000000000002624BA2FAAD54EC08582EF5B88C8314000000000000000004715410382D74EC0F067A7A02BC93140000000000000000091DE29885BD94EC04984D4DBBBC931400000000000000000B1CEB78836DB4EC021AE17FD38CA314000000000000000008DA601CF12DD4EC079A83CF6A2CA3140000000000000000027EBF724F0DE4EC0AACE3BBBF9CA31400000000000000000823D6B54CEE04EC07C7D3B423DCB3140000000000000000012B61227ADE24EC0783B91836DCB31400000000000000000F94392668CE44EC03A9FC2798ACB31400000000000000000A50E81DC6BE64EC0A4F4852194CB3140000000000000000051D96F524BE84EC03A9FC2798ACB314000000000000000003567EF912AEA4EC0783B91836DCB31400000000000000000C4DF966409EC4EC07C7D3B423DCB314000000000000000001F320A94E7ED4EC0AACE3BBBF9CA31400000000000000000B97600EAC4EF4EC079A83CF6A2CA31400000000000000000964E4A30A1F14EC021AE17FD38CA31400000000000000000B63ED8307CF34EC04984D4DBBBC931400000000000000000FF07C1B555F54EC0F067A7A02BC93140000000000000000020F947892DF74EC08582EF5B88C8314000000000000000003C3BE37503F94EC0B4FE3420D2C7314000000000000000006F174246D7FA4EC01EDB260209C731400000000000000000D23453C5A8FC4EC0DB7C98182DC63140000000000000000036CE4ABE77FE4EC067027F7C3EC531400000000000000000EEDDA8FC43004FC08355EE483DC431400000000000000000AB403F4C0D024FC0B6FE159B29C3314000000000000000005DCC3779D3034FC02CB93D9203C231400000000000000000245C1A5096054FC067C8C14FCBC03140000000000000000059CFD29D55074FC0600F0FF780BF31400000000000000000A3FBB62F11094FC098EA9EAD24BE31400000000000000000FD908CD3C80A4FC0DCCCF29AB6BC31400000000000000000A9EE8E577C0C4FC0639F8FE836BB314000000000000000005AE9748A2B0E4FC0D7E6F8C1A5B9314000000000000000001E80763BD60F4FC087ACAB5403B8314000000000000000005981523A7C114FC0102D19D04FB631400000000000000000531D54571D134FC0CD4DA1658BB431400000000000000000B6665863B9144FC0BBD88C48B6B23140000000000000000003C0D32F50164FC0508007AED0B0314000000000000000002835D78EE1174FC01EAB19CDDAAE31400000000000000000F3C015536D194FC00F0AA2DED4AC31400000000000000000017DE94FF31A4FC096F74E1DBFAA31400000000000000000E2BC5859731C4FC00FA297C599A831400000000000000000410AD7A3701D4FC0C910C8711CA73140000000000000000032574EFCA60F4FC00B954A82698531400000000000000000DB01F36AE2014FC0C3968EA1B2633140000000000000000008D4CC2DDC024FC0672BE5C035623140000000000000000064617AB392034FC02A758DD80C6131400000000000000000DC5CB8EF45044FC092CE24A7DC5F31400000000000000000512D62CEF5044FC03D98F64EA55E314000000000000000000A8AB53BA2054FC0CCE71BF3665D31400000000000000000BFB354244B064FC0CA8777B7215C3140000000000000000086A14875F0064FC047DFB1C0D55A314000000000000000005D0B031C92074FC08B9E34348359314000000000000000004DDA600630084FC0941A27382A5831400000000000000000C5A0AB22CA084FC00AFA68F3CA563140000000000000000053F89B5F60094FC036778E8D65553140000000000000000033555BACF2094FC0D0B0DB2EFA53314000000000000000006DE685F8800A4FC0C31440008952314000000000000000000E682C340B0B4FC0EAB7512B12513140000000000000000024E8D54F910B4FC0809B48DA954F314000000000000000000C7D813C130C4FC0EBE0F937144E3140000000000000000064EEA7EB900C4FC080EBD26F8D4C31400000000000000000154F3D4F0A0D4FC0B071D4AD014B314000000000000000000789B2597F0D4FC0A37E8D1E714931400000000000000000A4DAF6FDEF0D4FC0C86216EFDB4731400000000000000000B644792F5C0E4FC011970B4D4246314000000000000000003DEA29E2C30E4FC02B908866A44431400000000000000000B6607B0A270F4FC00885226A024331400000000000000000EFF0639D850F4FC02327E3865C413140000000000000000088C95E90DF0F4FC0564F43ECB23F31400000000000000000B6206DD934104FC05A9D25CA053E31400000000000000000C347176F85104FC0330DD150553C31400000000000000000ECAD6D48D1104FC09A80EBB0A13A314000000000000000000FD4095D18114FC0643F741BEB383140000000000000000095300FA55A114FC0B56DBEC13137314000000000000000001F032C1998114FC05B796BD5753531400000000000000000A7189AB2D0114FC04E7F6588B733314000000000000000003B7F1F6B04124FC0A1A9D90CF73131400000000000000000242A0F3D33124FC0FA853295343031400000000000000000948549235D124FC030561254702E3140000000000000000036FA3C1982124FC0555B4D7CAA2C31400000000000000000E360E61AA2124FC0731BE440E32A31400000000000000000BC65D124BD124FC050A3FDD41A293140000000000000000069DB1834D3124FC0E2C3E16B512731400000000000000000FBFD6646E4124FC0C04DF3388725314000000000000000009BA5F559F0124FC01649AA6FBC23314000000000000000000A698E6DF7124FC0DA2C8E43F12131400000000000000000D8AF8A80F9124FC0F01330E8252031400000000000000000BCB4D392F6124FC0F9F224915A1E314000000000000000005D77E2A4EE124FC00DCDFF718F1C31400000000000000000449EBFB7E1124FC0E9EA4BBEC41A31400000000000000000E54803CDCF124FC01C1287A9FA183140000000000000000025D1D4E6B8124FC06DBF1B67311731400000000000000000597DEA079D124FC078635B2A691531400000000000000000542289337C124FC0F2A27826A2133140000000000000000067B5836D56124FC04D9B818EDC1131400000000000000000F3CE3ABA2B124FC0662B5A95181031400000000000000000F31C9C1EFC114FC02842B66D560E314000000000000000003CC621A0C7114FC00433144A960C3140000000000000000023BED1448E114FC0CC10B75CD80A31400000000000000000D5083D1350114FC04310A1D71C093140000000000000000045F07E120D114FC0B4F18DEC630731400000000000000000BF263C4AC5104FC01576EDCCAD053140000000000000000023EEA1C278104FC0F6CFDDA9FA0331400000000000000000EBFE648427104FC0BE3D26B44A023140000000000000000013A2C098D10F4FC03E84311C9E00314000000000000000003B8B7509770F4FC0D2930812F5FE30400000000000000000AEB7C8E0170F4FC0122C4DC54FFD30400000000000000000223C8229B40E4FC0698D3465AEFB30400000000000000000F103ECEE4B0E4FC05238822011FA304000000000000000007882D03CDF0D4FC03DB8822578F8304000000000000000006756791F6E0D4FC06E7D06A2E3F63040000000000000000088DFADA3F80C4FC0ABC45CC353F530400000000000000000FCC6B1D67E0C4FC0E98D4EB6C8F330400000000000000000B47943C6000C4FC0FEA119A742F23040000000000000000055969A807E0B4FC0B0A86BC1C1F030400000000000000000B84D6614F80A4FC0324F5D3046EF304000000000000000008CB6CB906D0A4FC0047F6D1ED0ED30400000000000000000C2146405DF094FC04DA77CB55FEC3040000000000000000034143B824C094FC03817C81EF5EA304000000000000000002CF7CC17B6084FC07E6BE58290E93040000000000000000003B904D71B084FC03E0EBE0932E830400000000000000000F2243AD17D074FC077CB8ADAD9E630400000000000000000C4FC2F18DC064FC01846CF1B88E530400000000000000000368F11BE36064FC0F67056F33CE430400000000000000000174571D58D054FC00A532D86F8E23040000000000000000038294671E1044FC083979FF8BAE130400000000000000000C2DFE9A431044FC0ED61336E84E0304000000000000000006C7A16847E034FC0955FA50955DF30400000000000000000D843E422C8024FC0E9EFE4EC2CDE30400000000000000000D57FC7950E024FC09E6410390CDD30400000000000000000BF228EF151014FC0FE57710EF3DB30400000000000000000067F5D4B92004FC0E41B798CE1DA30400000000000000000FEE9AFB8CFFF4EC03B40BDD1D7D930400000000000000000F256524F0AFF4EC05432F4FBD5D830400000000000000000A3EA612542FE4EC01BF5F127DCD7304000000000000000004385495177FD4EC036F2A471EAD6304000000000000000007145BFE9A9FC4EC09EE412F400D6304000000000000000003602C205DAFB4EC0BADD55C91FD5304000000000000000007DBE96BC07FB4EC0DE63990A47D4304000000000000000003A14C62533FA4EC051AB17D076D330400000000000000000559919595CF94EC0F7EA1631AFD230400000000000000000863D996E83F84EC0B3CAE643F0D13040000000000000000067A1887EA8F74EC0D5EDDD1D3AD130400000000000000000AD6764A1CBF64EC0509957D38CD0304000000000000000007380DFEFECF54EC04475B177E8CF30400000000000000000DB6EE0820CF54EC07E6A491D4DCF3040000000000000000005897E732AF44EC08B9C7BD5BACE304000000000000000004C33FFDA46F34EC06080A0B031CE30400000000000000000BC16D3D261F24EC02B0F0BBEB1CD30400000000000000000FB5293747BF14EC06416070C3BCD30400000000000000000C4ABFED993F04EC0F4A4D7A7CDCC30400000000000000000EAB2F61CABEF4EC0D694B59D69CC304000000000000000006CEE7C57C1EE4EC07833CEF80ECC304000000000000000006EFBAFA3D6ED4EC0FA0542C3BDCB30400000000000000000FBADC81BEBEC4EC0F2AB230676CB304000000000000000006B2E17DAFEEB4EC05BE076C937CB30400000000000000000C81300F911EB4EC0F1962F1403CB30400000000000000000FF7CF99224EA4EC0F33831ECD7CA304000000000000000001D2788C236E94EC0AAFE4D56B6CA3040000000000000000013833CA248E84EC00C6846569ECA304000000000000000009EC9AF4C5AE74EC016D3C8EE8FCA30400000000000000000A30E81DC6BE64EC0B12F71218BCA30400000000000000000AC53526C7DE54EC016D3C8EE8FCA30400000000000000000349AC5168FE44EC00C6846569ECA3040000000000000000029F679F6A0E34EC0AAFE4D56B6CA3040000000000000000046A00826B3E24EC0F33831ECD7CA304000000000000000007E0902C0C5E14EC0F1962F1403CB30400000000000000000DDEEEADED8E04EC05BE076C937CB304000000000000000004D6F399DECDF4EC0F2AB230676CB30400000000000000000DC21521501DF4EC0FA0542C3BDCB30400000000000000000DA2E856116DE4EC07833CEF80ECC304000000000000000005B6A0B9C2CDD4EC0D694B59D69CC30400000000000000000847103DF43DC4EC0F4A4D7A7CDCC304000000000000000004DCA6E445CDB4EC06416070C3BCD304000000000000000008C062FE675DA4EC02B0F0BBEB1CD30400000000000000000FBE902DE90D94EC06080A0B031CE3040000000000000000042948345ADD84EC08B9C7BD5BACE304000000000000000006CAE2136CBD74EC07E6A491D4DCF30400000000000000000D59C22C9EAD64EC04475B177E8CF304000000000000000009AB59D170CD64EC0509957D38CD030400000000000000000DF7B793A2FD54EC0D5EDDD1D3AD130400000000000000000C4DF684A54D44EC0B3CAE643F0D130400000000000000000F283E85F7BD34EC0F7EA1631AFD2304000000000000000000E093C93A4D24EC051AB17D076D330400000000000000000C95E6BFCCFD14EC0DE63990A47D430400000000000000000121B40B3FDD04EC0BADD55C91FD530400000000000000000D6D742CF2DD04EC09EE412F400D6304000000000000000000598B86760CF4EC036F2A471EAD630400000000000000000A332A09395CE4EC01BF5F127DCD73040000000000000000056C6AF69CDCD4EC05432F4FBD5D8304000000000000000004933520008CD4EC03B40BDD1D7D930400000000000000000429EA46D45CC4EC0E41B798CE1DA3040000000000000000089FA73C785CB4EC0FE57710EF3DB30400000000000000000739D3A23C9CA4EC09E6410390CDD3040000000000000000072D91D960FCA4EC0E9EFE4EC2CDE30400000000000000000DBA2EB3459C94EC0955FA50955DF30400000000000000000833D1814A6C84EC0ED61336E84E0304000000000000000000FF4BB47F6C74EC083979FF8BAE1304000000000000000002FD890E349C74EC00A532D86F8E230400000000000000000108EF0FAA0C64EC0F67056F33CE4304000000000000000008320D2A0FBC54EC01846CF1B88E53040000000000000000053F8C7E759C54EC077CB8ADAD9E6304000000000000000004564FDE1BBC44EC03E0EBE0932E8304000000000000000001C2635A121C44EC07E6BE58290E9304000000000000000001309C7368BC34EC03817C81EF5EA3040000000000000000086089EB3F8C24EC04DA77CB55FEC30400000000000000000BC6636286AC24EC0047F6D1ED0ED3040000000000000000090CF9BA4DFC14EC0324F5D3046EF30400000000000000000F286673859C14EC0B0A86BC1C1F03040000000000000000094A3BEF2D6C04EC0FEA119A742F2304000000000000000004B5650E258C04EC0E98D4EB6C8F330400000000000000000BE3D5415DFBF4EC0ABC45CC353F530400000000000000000E0C6889969BF4EC06E7D06A2E3F630400000000000000000D09A317CF8BE4EC03DB8822578F830400000000000000000571916CA8BBE4EC05238822011FA3040000000000000000028E17F8F23BE4EC0698D3465AEFB304000000000000000009A6539D8BFBD4EC0122C4DC54FFD304000000000000000000C928CAF60BD4EC0D2930812F5FE30400000000000000000357B412006BD4EC03E84311C9E00314000000000000000005D1E9D34B0BC4EC0BE3D26B44A0231400000000000000000232F60F65EBC4EC0F6CFDDA9FA033140000000000000000089F6C56E12BC4EC01576EDCCAD0531400000000000000000022D83A6CABB4EC0B4F18DEC6307314000000000000000007114C5A587BB4EC04310A1D71C0931400000000000000000225F307449BB4EC0CC10B75CD80A314000000000000000000B57E01810BB4EC00433144A960C314000000000000000005400669ADBBA4EC02842B66D560E31400000000000000000574EC7FEABBA4EC0662B5A95181031400000000000000000E1677E4B81BA4EC04D9B818EDC1131400000000000000000F3FA78855BBA4EC0F2A27826A21331400000000000000000EC9F17B13ABA4EC078635B2A691531400000000000000000254C2DD21EBA4EC06DBF1B6731173140000000000000000062D4FEEB07BA4EC01C1287A9FA1831400000000000000000017F4201F6B94EC0E9EA4BBEC41A31400000000000000000EBA51F14E9B94EC00DCDFF718F1C314000000000000000008B682E26E1B94EC0F9F224915A1E314000000000000000006E6D7738DEB94EC0F01330E82520314000000000000000003BB4734BE0B94EC0DA2C8E43F12131400000000000000000AD770C5FE7B94EC01649AA6FBC23314000000000000000004C1F9B72F3B94EC0C04DF338872531400000000000000000DE41E98404BA4EC0E2C3E16B5127314000000000000000008CB730941ABA4EC050A3FDD41A293140000000000000000065BC1B9E35BA4EC0731BE440E32A314000000000000000001023C59F55BA4EC0555B4D7CAA2C31400000000000000000B497B8957ABA4EC030561254702E3140000000000000000023F3F27BA4BA4EC0FA8532953430314000000000000000000D9EE24DD3BA4EC0A1A9D90CF73131400000000000000000A104680607BB4EC04E7F6588B73331400000000000000000271AD69F3FBB4EC05B796BD5753531400000000000000000B5ECF2137DBB4EC0B56DBEC13137314000000000000000003849F85BBFBB4EC0643F741BEB38314000000000000000005C6F947006BC4EC09A80EBB0A13A3140000000000000000083D5EA4952BC4EC0330DD150553C3140000000000000000092FC94DFA2BC4EC05A9D25CA053E31400000000000000000BF53A328F8BC4EC0564F43ECB23F31400000000000000000572C9E1B52BD4EC02327E3865C413140000000000000000094BC86AEB0BD4EC00885226A0243314000000000000000000B33D8D613BE4EC02B908866A4443140000000000000000092D888897BBE4EC011970B4D424631400000000000000000A4420BBBE7BE4EC0C86216EFDB473140000000000000000041944F5F58BF4EC0A37E8D1E71493140000000000000000031CEC469CDBF4EC0B071D4AD014B31400000000000000000E42E5ACD46C04EC080EBD26F8D4C314000000000000000003CA0807CC4C04EC0EBE0F937144E3140000000000000000024352C6946C14EC0809B48DA954F3140000000000000000038B5D584CCC14EC0EAB7512B125131400000000000000000D9367CC056C24EC0C314400089523140000000000000000013C8A60CE5C24EC0D0B0DB2EFA5331400000000000000000F524665977C34EC036778E8D655531400000000000000000837C56960DC44EC00AFA68F3CA5631400000000000000000FA42A1B2A7C44EC0941A27382A5831400000000000000000EA11FF9C45C54EC08B9E3434835931400000000000000000BF7BB943E7C54EC047DFB1C0D55A314000000000000000008769AD948CC64EC0CA8777B7215C314000000000000000003E934C7D35C74EC0CCE71BF3665D31400000000000000000F6EF9FEAE1C74EC03D98F64EA55E314000000000000000006CC049C991C84EC092CE24A7DC5F31400000000000000000E3BB870545C94EC02A758DD80C61314000000000000000004049358BFBC94EC0672BE5C035623140000000000000000092C3CD45B5CA4EC0FB2FB23E576331400000000000000000ADCA6E2072CB4EC03B3350317164314000000000000000006508E4388ECB4EC0F787F6499F6431400000000000000000'));
INSERT INTO airspace VALUES (27958, '2013-10-17 00:00:00', '2013-09-27 09:05:32.999999', 'smohmdal', '2ND AMDT T-6', NULL, 27958, NULL, NULL, 'CTR', 'CTR001', 'TB', NULL, 'ADAMS CONTROL ZONE (CTR) (Barbados)', NULL, 13.0750472241279, -59.483830555988199, NULL, NULL, NULL, 3000, NULL, 'FT', 'SFC', 0, 'FT', NULL, NULL, 'FT', NULL, NULL, NULL, NULL, NULL, NULL, NULL, NULL, 'D', NULL, NULL, 'N', NULL, NULL, NULL, NULL, NULL, NULL, NULL, NULL, NULL, NULL, NULL, NULL, NULL, NULL, ST_Force2D('01060000A0E6100000010000000103000080010000002D010000AB69DF28EEBD4DC0D38D6E5CB2FC2A400000000000000000C62194A013BF4DC0C83C764FA6FC2A400000000000000000031829F738C04DC0627AE92982FC2A400000000000000000FA56820B5EC14DC0C1AFDCEF45FC2A400000000000000000A3818BBC82C24DC0A7071CA8F1FB2A400000000000000000439E3BE9A6C34DC0CAA62A5C85FB2A4000000000000000004FE09870CAC44DC0A393411801FB2A400000000000000000EC6FBC31EDC54DC088504EEB64FA2A400000000000000000842FD60B0FC74DC08525F1E6B0F92A400000000000000000817E30DE2FC84DC0191A7B1FE5F82A400000000000000000BAF833884FC94DC0F1A1EBAB01F82A4000000000000000002C326BE96DCA4DC0E7F8EDA506F72A400000000000000000716E86E18ACB4DC0FA32D629F4F52A40000000000000000019545F50A6CC4DC0B3FB9D56CAF42A4000000000000000006A9AFC15C0CD4DC0720AE14D89F32A400000000000000000D4B19512D8CE4DC02348D93331F22A40000000000000000083669626EECF4DC0CEA75A2FC2F02A4000000000000000006F7CA23202D14DC0AEB5CE693CEF2A4000000000000000001845991714D24DC02BD72F0FA0ED2A400000000000000000012D99B623D34DC0BB41044EEDEB2A4000000000000000009A4203F130D44DC0BEA7585724EA2A4000000000000000005CB47EA83BD54DC0CB9ABA5E45E82A400000000000000000B146FCBE43D64DC03EA4329A50E62A400000000000000000D9C0B91649D74DC0D7163E4246E42A400000000000000000725045924BD84DC0F797C89126E22A40000000000000000052E380144BD94DC0046225C6F1DF2A4000000000000000002B77A58047DA4DC0F340081FA8DD2A400000000000000000D05E46BA40DB4DC0B5497EDE49DB2A4000000000000000007C7C54A536DC4DC0A14CE648D7D82A400000000000000000A170212629DD4DC01106E9A450D62A40000000000000000095BD622118DE4DC0220B713BB6D32A40000000000000000075DE347C03DF4DC00975A25708D12A4000000000000000004B521E1CEBDF4DC0684DD24647CE2A4000000000000000006A9A12E7CEE04DC08CB87D5873CB2A4000000000000000002C2B75C3AEE14DC04EE540DE8CC82A400000000000000000F34F1C988AE24DC0DCBACD2B94C52A400000000000000000E200544C62E34DC0484EE29689C22A4000000000000000000DABE0C735E44DC0A41B3F776DBF2A400000000000000000B2E901F304E54DC048049D2640BC2A4000000000000000004C3175B6CFE54DC0DD15A30002B92A4000000000000000002D6B78FB95E64DC07D1ADC62B3B52A4000000000000000005C82CCAB57E74DC044EFABAC54B22A40000000000000000053E0B7B114E84DC039AB443FE6AE2A4000000000000000007ADA08F8CCE84DC05B8D9B7D68AB2A4000000000000000007EF8176A80E94DC050795DCCDBA72A400000000000000000F09ECAF32EEA4DC0D59BE49140A42A400000000000000000D2B89481D8EA4DC0AB0D2B3697A02A400000000000000000ED487B007DEB4DC05F3BC022E09C2A4000000000000000006969165E1CEC4DC0A093BCC21B992A400000000000000000FA549388B6EC4DC0025FB5824A952A400000000000000000055EB66E4BED4DC05A6CB0D06C912A400000000000000000C8D4DCFFDAED4DC08094171C838D2A400000000000000000E4DAFE2B65EE4DC06318ACD58D892A4000000000000000008025B1E3E9EE4DC0C0D6796F8D852A40000000000000000085AC261869EF4DC02A61CA5C82812A4000000000000000000B4832BBE2EF4DC02BEB17126D7D2A400000000000000000E73A48BF56F04DC0101A00054E792A4000000000000000002CAA7F17C5F04DC0B1B436AC25752A400000000000000000A70294B72DF14DC03435787FF4702A400000000000000000684AE69390F14DC07C3D7CF7BA6C2A400000000000000000F55F7EA1EDF14DC09AF2E78D79682A400000000000000000C6250CD644F24DC0733C40BD30642A400000000000000000829AE82796F24DC069EEDB00E15F2A400000000000000000C0C1168EE1F24DC07FBFD5D48A5B2A4000000000000000009C1F450027F34DC084D0FEB52E572A400000000000000000338DCD7666F34DC01F8FCF21CD522A4000000000000000000CF9B6EA9FF34DC050865A96664E2A400000000000000000C3B5B555D3F34DC090BE3D92FB492A400000000000000000DD252CB200F44DC09C8394948C452A400000000000000000BB4E2BFB27F44DC02C18E91C1A412A400000000000000000BA53732C49F44DC0FD5826ABA43C2A4000000000000000004EDD734264F44DC0695789BF2C382A400000000000000000D16C4C3A79F44DC034EE92DAB2332A400000000000000000DA9BCC1188F44DC0F34CF97C372F2A4000000000000000002B4874C790F44DC0F3809927BB2A2A40000000000000000097AB735A93F44DC0DCFB685B3E262A4000000000000000002160ABCA8FF44DC0AE176799C1212A4000000000000000009350AC1886F44DC0A59B8E62451D2A400000000000000000CD94B74576F44DC0C043C737CA182A400000000000000000E63ABE5360F44DC0634BD79950142A400000000000000000BFFC604544F44DC067FD5409D90F2A40000000000000000078E1EF1D22F44DC0944A9806640B2A400000000000000000D9CB69E1F9F34DC00D6AAC11F2062A40000000000000000054F57B94CBF34DC0F98141AA83022A4000000000000000006755813C97F34DC0A65C9E4F19FE294000000000000000004EF681DF5CF34DC0FE2B9280B3F929400000000000000000E43532841CF34DC00B5966BB52F52940000000000000000026F4F131D6F24DC0CB67D07DF7F02940000000000000000093AECBF089F24DC04EE8E344A2EC294000000000000000009A8873C937F24DC06680048D53E829400000000000000000F94146C5DFF14DC0FD04D8D10BE429400000000000000000DF1948EE81F14DC017AF388ECBDF294000000000000000008DA0234F1EF14DC01565273C93DB29400000000000000000087628F3B4F04DC0441FBE5463D72940000000000000000066F749E645F04DC02C6722503CD32940000000000000000003DA1D35D1EF4DC050F377A51ECF2940000000000000000003B5DAEC56EF4DC00F61D3CA0ACB294000000000000000006A79561BD7EE4DC02E0D2D3501C729400000000000000000F0D804CF51EE4DC00A0E545802C329400000000000000000F19BF516C7ED4DC04450E1A60EBF29400000000000000000F4E5D20237ED4DC0F8D52A9226BB29400000000000000000396ADFA2A1EC4DC09E1B378A4AB729400000000000000000308FF40707EC4DC03BA3B0FD7AB3294000000000000000003A82804367EB4DC015A8D959B8AF29400000000000000000133B8467C2EA4DC03DF97F0A03AC29400000000000000000806F918618EA4DC0C800F1795BA829400000000000000000AF77C8B369E94DC0F7F5ED10C2A429400000000000000000793FD602B6E84DC006E39F3637A129400000000000000000B99FF187FDE74DC000808D50BB9D294000000000000000006AB1D95740E74DC037158EC24E9A294000000000000000006F12D3877EE64DC05995BFEEF196294000000000000000000B98A52DB8E54DC084727B35A593294000000000000000003EDB995FEDE44DC027F24BF568902940000000000000000045B776341EE44DC05EB1E18A3D8D294000000000000000003BBB7EC34AE34DC072600951238A29400000000000000000BE8D6D2473E24DC0F7B3A1A01A8729400000000000000000BB44756F97E14DC0078D91D0238429400000000000000000B2AF3BBDB7E04DC0E75ABE353F81294000000000000000008B96D726D4DF4DC080B402236D7E29400000000000000000BEEBCDC5ECDE4DC0352E25E9AD7B29400000000000000000A8F30EB401DE4DC0E968CFD6017929400000000000000000A25FF30B13DD4DC0B95F8538697629400000000000000000DB5E39E820DC4DC09DF09C58E4732940000000000000000010A401642BDB4DC043A5357F737129400000000000000000F560CC9A32DA4DC083B930F2166F29400000000000000000A03776A836D94DC0696229F5CE6C294000000000000000003B2235A937D84DC083556DC99B6A294000000000000000004E5195B935D74DC06292F5AD7D6829400000000000000000030176F630D64DC0216D5FDF7466294000000000000000008E45067D29D54DC030DDE5978164294000000000000000006FCFC16A1FD44DC09E0E5B0FA4622940000000000000000065A76DDD12D34DC01239227BDC602940000000000000000021E314F303D24DC013BA290E2B5F29400000000000000000025205CAF2D04DC05A77E5F88F5D294000000000000000007223CC80DFCF4DC0B38349690B5C2940000000000000000049863236CACE4DC0270FC58A9D5A2940000000000000000012423A09B3CD4DC08D9A3D864659294000000000000000002D4A1A199ACC4DC0E1740A82065829400000000000000000A64B3B857FCB4DC01D81F0A1DD5629400000000000000000C335346D63CA4DC018431E07CC5529400000000000000000C1BDC6F045C94DC0143828D0D15429400000000000000000D4DDDB2F27C84DC0DC750519EF5329400000000000000000BD50804A07C74DC0A6960CFB235329400000000000000000C908E160E6C54DC099ECF08C70522940000000000000000019A44793C4C44DC05D02C0E2D45129400000000000000000C9DD1602A2C34DC0FA63DF0D51512940000000000000000019FCC6CD7EC24DC06BB40A1DE55029400000000000000000F93CE2165BC14DC0D30D521C915029400000000000000000214001FE36C04DC0DBAC18155550294000000000000000001470C7A312BF4DC0ECE7130E315029400000000000000000AB69DF28EEBD4DC0D6714A0B2550294000000000000000004163F7ADC9BC4DC0ECE7130E3150294000000000000000003593BD53A5BB4DC0DBAC18155550294000000000000000005D96DC3A81BA4DC0D30D521C9150294000000000000000003CD7F7835DB94DC06BB40A1DE550294000000000000000008DF5A74F3AB84DC0FA63DF0D5151294000000000000000003C2F77BE17B74DC05D02C0E2D451294000000000000000008FCADDF0F5B54DC099ECF08C70522940000000000000000099823E07D5B44DC0A6960CFB23532940000000000000000083F5E221B5B34DC0DC750519EF53294000000000000000009615F86096B24DC0143828D0D15429400000000000000000949D8AE478B14DC018431E07CC5529400000000000000000B08783CC5CB04DC01D81F0A1DD56294000000000000000002A89A43842AF4DC0E1740A820658294000000000000000004691844829AE4DC08D9A3D864659294000000000000000000E4D8C1B12AD4DC0270FC58A9D5A29400000000000000000E6AFF2D0FCAB4DC0B38349690B5C294000000000000000005781B987E9AA4DC05A77E5F88F5D2940000000000000000034F0A95ED8A94DC013BA290E2B5F29400000000000000000F12B5174C9A84DC01239227BDC6029400000000000000000EA03FDE6BCA74DC09E0E5B0FA46229400000000000000000C88DB8D4B2A64DC030DDE59781642940000000000000000051D2485BABA54DC0216D5FDF7466294000000000000000000A822998A6A44DC06292F5AD7D68294000000000000000001EB189A8A4A34DC083556DC99B6A29400000000000000000B69B48A9A5A24DC0696229F5CE6C294000000000000000006172F2B6A9A14DC083B930F2166F29400000000000000000472FBDEDB0A04DC043A5357F7371294000000000000000007B748569BB9F4DC09DF09C58E47329400000000000000000B473CB45C99E4DC0B95F8538697629400000000000000000ADDFAF9DDA9D4DC0E968CFD60179294000000000000000009BE7F08BEF9C4DC0352E25E9AD7B29400000000000000000CD3CE72A089C4DC080B402236D7E29400000000000000000A4238394249B4DC0E75ABE353F81294000000000000000009C8E49E2449A4DC0078D91D02384294000000000000000009845512D69994DC0F7B3A1A01A87294000000000000000001B18408E91984DC072600951238A29400000000000000000111C481DBE974DC05EB1E18A3D8D2940000000000000000018F824F2EE964DC027F24BF56890294000000000000000004B3B192424964DC084727B35A59329400000000000000000E6C0EBC95D954DC05995BFEEF19629400000000000000000EB21E5F99B944DC037158EC24E9A29400000000000000000A033CDC9DE934DC000808D50BB9D29400000000000000000DC93E84E26934DC006E39F3637A129400000000000000000A75BF69D72924DC0F7F5ED10C2A429400000000000000000D6632DCBC3914DC0C800F1795BA82940000000000000000046983AEA19914DC03DF97F0A03AC294000000000000000001B513E0E75904DC015A8D959B8AF294000000000000000002644CA49D58F4DC03BA3B0FD7AB3294000000000000000002069DFAE3A8F4DC09E1B378A4AB72940000000000000000062EDEB4EA58E4DC0F8D52A9226BB294000000000000000006837C93A158E4DC04450E1A60EBF2940000000000000000067FAB9828A8D4DC00A0E545802C329400000000000000000EF596836058D4DC02E0D2D3501C729400000000000000000531EE464858C4DC00F61D3CA0ACB2940000000000000000053F9A01C0B8C4DC050F377A51ECF29400000000000000000F1DB746B968B4DC02C6722503CD3294000000000000000004D5D965E278B4DC0441FBE5463D729400000000000000000CA329B02BE8A4DC01565273C93DB2940000000000000000079B976635A8A4DC017AF388ECBDF294000000000000000005D91788CFC894DC0FD04D8D10BE429400000000000000000BC4A4B88A4894DC06680048D53E829400000000000000000C324F36052894DC04EE8E344A2EC2940000000000000000031DFCC1F06894DC0CB67D07DF7F029400000000000000000729D8CCDBF884DC00B5966BB52F52940000000000000000007DD3C727F884DC0FE2B9280B3F929400000000000000000EF7D3D1545884DC0A65C9E4F19FE2940000000000000000003DE42BD10884DC0F98141AA83022A4000000000000000007D075570E2874DC00D6AAC11F2062A400000000000000000E0F1CE33BA874DC0944A9806640B2A40000000000000000097D65D0C98874DC067FD5409D90F2A400000000000000000729800FE7B874DC0634BD79950142A4000000000000000008A3E070C66874DC0C043C737CA182A400000000000000000C282123956874DC0A59B8E62451D2A400000000000000000347313874C874DC0AE176799C1212A400000000000000000BF274BF748874DC0DCFB685B3E262A4000000000000000002A8B4A8A4B874DC0F3809927BB2A2A4000000000000000007D37F23F54874DC0F34CF97C372F2A4000000000000000008766721763874DC034EE92DAB2332A40000000000000000008F64A0F78874DC0695789BF2C382A4000000000000000009C7F4B2593874DC0FD5826ABA43C2A40000000000000000099849356B4874DC02C18E91C1A412A40000000000000000079AD929FDB874DC09C8394948C452A400000000000000000931D09FC08884DC090BE3D92FB492A40000000000000000048DA07673C884DC050865A96664E2A4000000000000000002646F1DA75884DC01F8FCF21CD522A400000000000000000BAB37951B5884DC084D0FEB52E572A4000000000000000009911A8C3FA884DC07FBFD5D48A5B2A400000000000000000D438D62946894DC069EEDB00E15F2A40000000000000000090ADB27B97894DC0733C40BD30642A400000000000000000617340B0EE894DC09AF2E78D79682A400000000000000000ED88D8BD4B8A4DC07C3D7CF7BA6C2A400000000000000000AFD02A9AAE8A4DC03435787FF4702A4000000000000000002B293F3A178B4DC0B1B436AC25752A40000000000000000070987692858B4DC0101A00054E792A4000000000000000004B8B8C96F98B4DC02BEB17126D7D2A400000000000000000D3269839738C4DC02A61CA5C82812A400000000000000000D7AD0D6EF28C4DC0C0D6796F8D852A40000000000000000070F8BF25778D4DC06318ACD58D892A40000000000000000090FEE151018E4DC08094171C838D2A400000000000000000517508E3908E4DC05A6CB0D06C912A4000000000000000005D7E2BC9258F4DC0025FB5824A952A400000000000000000ED69A8F3BF8F4DC0A093BCC21B992A4000000000000000006B8A43515F904DC05F3BC022E09C2A400000000000000000851A2AD003914DC0AB0D2B3697A02A4000000000000000006534F45DAD914DC0D59BE49140A42A400000000000000000D8DAA6E75B924DC050795DCCDBA72A400000000000000000DCF8B5590F934DC05B8D9B7D68AB2A40000000000000000004F306A0C7934DC039AB443FE6AE2A400000000000000000FB50F2A584944DC044EFABAC54B22A4000000000000000002A68465646954DC07D1ADC62B3B52A4000000000000000000CA2499B0C964DC0DD15A30002B92A400000000000000000A4E9BC5ED7964DC048049D2640BC2A4000000000000000004928DE89A6974DC0A41B3F776DBF2A40000000000000000076D26A057A984DC0484EE29689C22A4000000000000000006383A2B951994DC0DCBACD2B94C52A4000000000000000002BA8498E2D9A4DC04EE540DE8CC82A400000000000000000EF38AC6A0D9B4DC08CB87D5873CB2A4000000000000000000C81A035F19B4DC0684DD24647CE2A400000000000000000E2F489D5D89C4DC00975A25708D12A400000000000000000C1155C30C49D4DC0220B713BB6D32A400000000000000000B8629D2BB39E4DC01106E9A450D62A400000000000000000DA566AACA59F4DC0A14CE648D7D82A400000000000000000867478979BA04DC0B5497EDE49DB2A4000000000000000002D5C19D194A14DC0F340081FA8DD2A40000000000000000004F03D3D91A24DC0046225C6F1DF2A400000000000000000E38279BF90A34DC0F797C89126E22A4000000000000000008012053B93A44DC0D7163E4246E42A400000000000000000A88CC29298A54DC03EA4329A50E62A400000000000000000FB1E40A9A0A64DC0CB9ABA5E45E82A400000000000000000BE90BB60ABA74DC0BEA7585724EA2A40000000000000000056A6259BB8A84DC0BB41044EEDEB2A4000000000000000003F8E253AC8A94DC02BD72F0FA0ED2A400000000000000000E7561C1FDAAA4DC0AEB5CE693CEF2A400000000000000000D36C282BEEAB4DC0CEA75A2FC2F02A4000000000000000008221293F04AD4DC02348D93331F22A400000000000000000EC38C23B1CAE4DC0720AE14D89F32A4000000000000000003D7F5F0136AF4DC0B3FB9D56CAF42A400000000000000000E564387051B04DC0FA32D629F4F52A4000000000000000002AA153686EB14DC0E7F8EDA506F72A4000000000000000009CDA8AC98CB24DC0F1A1EBAB01F82A400000000000000000D5548E73ACB34DC0191A7B1FE5F82A400000000000000000D2A3E845CDB44DC08525F1E6B0F92A4000000000000000006D630220EFB54DC088504EEB64FA2A40000000000000000007F325E111B74DC0A393411801FB2A4000000000000000001235836835B84DC0CAA62A5C85FB2A400000000000000000B551339559B94DC0A7071CA8F1FB2A4000000000000000005E7C3C467EBA4DC0C1AFDCEF45FC2A40000000000000000054BB955AA3BB4DC0627AE92982FC2A40000000000000000091B12AB1C8BC4DC0C83C764FA6FC2A400000000000000000AB69DF28EEBD4DC0D38D6E5CB2FC2A400000000000000000'));
INSERT INTO airspace VALUES (27959, '2013-10-17 00:00:00', '2013-09-27 09:28:52', 'smohmdal', '2ND AMDT T-6', NULL, 27959, NULL, NULL, 'CTR', 'CTR004', 'TF', NULL, 'MARTINIQUE CTR', NULL, 14.590747222362898, -61.022808332999595, NULL, NULL, NULL, 1500, NULL, 'FT', 'SFC', 0, 'FT', NULL, NULL, 'FT', NULL, NULL, NULL, NULL, NULL, NULL, NULL, NULL, 'D', NULL, NULL, 'N', NULL, NULL, NULL, NULL, NULL, NULL, NULL, NULL, NULL, NULL, NULL, NULL, NULL, NULL, ST_Force2D('01060000A0E6100000010000000103000080010000002D010000D9272A62EB824EC0F327236C29842D400000000000000000A14ECF6B61834EC0CA00729B24842D400000000000000000798F2B68D7834EC03546E92916842D400000000000000000DF85F7494D844EC0E6192919FE832D400000000000000000F7CFEE03C3844EC0AAD4E66BDC832D400000000000000000648FD18838854EC0E4B7EC25B1832D400000000000000000B5E965CBAD854EC0DA7F194C7C832D400000000000000000158879BE22864EC07BD65FE43D832D400000000000000000EF15E35497864EC090A6C5F5F5822D400000000000000000BDBE83810B874EC0DC4F6388A4822D400000000000000000A5AA48377F874EC02BBD62A549822D40000000000000000087792C69F2874EC09059FE56E5812D40000000000000000053BC380A65884EC0F2E77FA877812D4000000000000000002E6D870DD7884EC0843C3FA600812D4000000000000000003765446648894EC076D5A05D80802D4000000000000000004DD0AE07B9894EC06F5714DDF67F2D4000000000000000007F9E1AE5288A4EC0F0EA1234647F2D400000000000000000A4F3F1F1978A4EC0727B1D73C87E2D4000000000000000005C93B621068B4EC0ACD8BAAB237E2D400000000000000000824B0368738B4EC019BB75F0757D2D400000000000000000635A8DB8DF8B4EC05BA9DA54BF7C2D4000000000000000003ED325074B8C4EC0E8C275EDFF7B2D4000000000000000008DFEBA47B58C4EC03A6BD0CF377B2D40000000000000000028B7596E1E8D4EC059DA6E12677A2D40000000000000000035C42E6F868D4EC0CA8FCDCC8D792D400000000000000000E42E883EED8D4EC025AA5E17AC782D400000000000000000C794D6D0528E4EC07423870BC2772D4000000000000000009E75AE1AB78E4EC0ADEF9BC3CF762D400000000000000000847DC9101A8F4EC08D03DF5AD5752D40000000000000000082CA07A87B8F4EC04E3E7CEDD2742D400000000000000000C32D71D5DB8F4EC00C3A8698C8732D4000000000000000001668368E3A904EC06700F379B6722D400000000000000000C061B2C797904EC004A998B09C712D400000000000000000B15D6B77F3904EC02DDB295C7B702D400000000000000000312714934D914EC06D38329D526F2D400000000000000000DF3A8D10A6914EC0E3AE1295226E2D4000000000000000002EEAE5E5FC914EC02CB2FD65EB6C2D40000000000000000025635D0952924EC0B706F332AD6B2D400000000000000000F6246471A5924EC0DA3ABD1F686A2D40000000000000000009859C14F7924EC0DA5EEB501C692D400000000000000000791DDCE946934EC0EB71CEEBC9672D40000000000000000043BB2CE894934EC083C1741671662D400000000000000000C35FCD06E1934EC05D9EA5F711652D4000000000000000009F3B333D2B944EC056F9DCB6AC632D400000000000000000D3A30A8373944EC0C0EF467C41622D4000000000000000002D0038D0B9944EC08040BB70D0602D40000000000000000083B3D81CFE944EC085B0B8BD595F2D4000000000000000004AFD436140954EC0F95A608DDD5D2D4000000000000000007BD40B9680954EC08CF0700A5C5C2D40000000000000000007BCFDB3BE954EC0D3E34160D55A2D400000000000000000EC8F23B4FA954EC09485BEBA49592D400000000000000000164CC48F34964EC015116146B9572D4000000000000000008CCB64406C964EC047A62D3024562D4000000000000000000A81C8BFA1964EC0BE37ADA58A542D4000000000000000006B28F207D5964EC08866E8D4EC522D4000000000000000008370241306974EC0935362EC4A512D400000000000000000EB9DE2DB34974EC08D5F131BA54F2D400000000000000000A226F15C61974EC0C7E06390FB4D2D400000000000000000C24556918B974EC0A5CB267C4E4C2D40000000000000000031885A74B3974EC0E94E940E9E4A2D40000000000000000086518901D9974EC04B654478EA482D4000000000000000005559B134FC974EC0AB5C29EA33472D4000000000000000008E1CE5091D984EC0604E8A957A452D4000000000000000002D597B7D3B984EC033A2FDABBE432D4000000000000000002E720F8C57984EC09573635F00422D40000000000000000094A6813271984EC016D1DFE13F402D400000000000000000C2A5F76D88984EC0F153D5657D3E2D40000000000000000091B8DC3B9D984EC0114FDF1DB93C2D4000000000000000002511E299AF984EC00227CC3CF33A2D4000000000000000009E09FF85BF984EC09B9B97F52B392D400000000000000000575B71FECC984EC0040B657B63372D400000000000000000404EBD01D8984EC0B0B379019A352D400000000000000000DBDFAD8EE0984EC066F036BBCF332D400000000000000000D8E254A4E6984EC0CA7114DC04322D40000000000000000007160B42EA984EC0B5769A9739302D40000000000000000017347067EB984EC004025C216E2E2D40000000000000000083FA6A14EA984EC0D30FF1ACA22C2D40000000000000000068292949E6984EC003CAF06DD72A2D400000000000000000797A1F06E0984EC0E1BDEB970C292D400000000000000000E890094CD7984EC06912665E42272D4000000000000000007AE0E91BCC984EC0F2BFD1F478252D4000000000000000006D8D0977BE984EC02DCA888EB0232D4000000000000000000744F85EAE984EC0607EC75EE9212D40000000000000000067088CD59B984EC0EBB2A69823202D40000000000000000048FEE0DC86984EC0380D166F5F1E2D4000000000000000005C2959776F984EC0254BD6149D1C2D4000000000000000006B259CA755984EC0059373BCDC1A2D4000000000000000007ED1967039984EC044CE3F981E192D400000000000000000E30C7BD51A984EC01AF24CDA62172D4000000000000000005A45BFD9F9974EC07A7367B4A9152D400000000000000000B4FF1D81D6974EC0BDCA1058F3132D400000000000000000469695CFB0974EC099B379F63F122D400000000000000000A7A467C988974EC001CF7CC08F102D400000000000000000F49118735E974EC0162199E6E20E2D400000000000000000850C6FD131974EC046A4EC98390D2D400000000000000000EC7D73E902974EC0D4E52E07940B2D400000000000000000E5776FC0D1964EC04BB0AB60F2092D400000000000000000451AED5B9E964EC0DDBE3DD454082D4000000000000000003B71B6C168964EC0E6804990BB062D4000000000000000000FCDD4F730964EC076E9B7C226052D4000000000000000008E129004F7954EC0B04BF19896032D400000000000000000BB046EEEBA954EC06E48D83F0B022D400000000000000000808731BC7C954EC0F9C8C4E384002D400000000000000000C0DBD9743C954EC0620A7FB003FF2C400000000000000000C4D4A11FFA944EC050B83AD187FD2C4000000000000000001607FFC3B5944EC05819927011FC2C400000000000000000DDF0A0696F944EC0FB4C81B8A0FA2C400000000000000000D41B701827944EC0D79961D235F92C40000000000000000022398DD8DC934EC099D0E4E6D0F72C400000000000000000CB3650B290934EC05DBF101E72F62C4000000000000000002F4F47AE42934EC031BA3A9F19F52C400000000000000000BD1236D5F2924EC0BD360391C7F32C400000000000000000906B1430A1924EC0DD7B51197CF22C4000000000000000001BB20DC84D924EC0F40C4F5D37F12C400000000000000000554D7FA6F8914EC01BDE6481F9EF2C400000000000000000B625F8D4A1914EC0755135A9C2EE2C400000000000000000EE3F375D49914EC0D37C99F792ED2C4000000000000000001DB92A49EF904EC06AF99C8E6AEC2C400000000000000000BBA9EEA293904EC0A3177A8F49EB2C400000000000000000AA03CC7436904EC0452A961A30EA2C4000000000000000004A6B37C9D78F4EC0EFE97D4F1EE92C400000000000000000DC0BD0AA778F4EC08AEFE14C14E82C4000000000000000001F675E24168F4EC07B49933012E72C4000000000000000007A20D340B38E4EC05027801718E62C40000000000000000001C4450B4F8E4EC056A1B01D26E52C400000000000000000A888F38EE98D4EC08297435E3CE42C400000000000000000F60E3ED7828D4EC0DDAC6BF35AE32C400000000000000000821BAAEF1A8D4EC09F5A6CF681E22C4000000000000000007D4DDEE3B18C4EC03D21977FB1E12C400000000000000000EED1A1BF478C4EC0B1D048A6E9E02C400000000000000000C912DB8EDC8B4EC0B2EFE6802AE02C40000000000000000047638E5D708B4EC0393CDD2474DF2C40000000000000000075A8DC37038B4EC0D6489BA6C6DE2C4000000000000000003AFF012A958A4EC0C135921922DE2C400000000000000000B85E5440268A4EC06986329086DD2C4000000000000000005E384287B6894EC0C413EA1BF4DC2C4000000000000000001E15510B46894EC0711B22CD6ADC2C40000000000000000069301CD9D4884EC0DC6B3DB3EADB2C4000000000000000003A1053FD62884EC0B2AD96DC73DB2C4000000000000000009B1BB884F0874EC039CA7E5606DB2C4000000000000000008E2E1F7C7D874EC0FE6F3B2DA2DA2C400000000000000000832C6CF009874EC09EB5056C47DA2C400000000000000000B09091EE95864EC0B3D8081DF6D92C40000000000000000030FD8E8321864EC0E71C6149AED92C40000000000000000051C86FBCAC854EC03EC81AF96FD92C400000000000000000008949A637854EC0463D31333BD92C400000000000000000CCA13A4EC2844EC01A348EFD0FD92C40000000000000000039CB68C14C844EC05A12095DEED82C400000000000000000DC9CFF0CD7834EC0DD606655D6D82C40000000000000000068162F3E61834EC09D6057E9C7D82C400000000000000000D9272A62EB824EC0B8BD791AC3D82C4000000000000000004B39258675824EC09D6057E9C7D82C400000000000000000D5B254B7FF814EC0DD606655D6D82C4000000000000000007B84EB028A814EC05A12095DEED82C400000000000000000E4AD197614814EC01A348EFD0FD92C400000000000000000B4C60A1E9F804EC0463D31333BD92C4000000000000000006287E4072A804EC03EC81AF96FD92C4000000000000000008252C540B57F4EC0E71C6149AED92C40000000000000000004BFC2D5407F4EC0B3D8081DF6D92C4000000000000000002D23E8D3CC7E4EC09EB5056C47DA2C40000000000000000024213548597E4EC0FE6F3B2DA2DA2C40000000000000000017349C3FE67D4EC039CA7E5606DB2C400000000000000000793F01C7737D4EC0B2AD96DC73DB2C400000000000000000491F38EB017D4EC0DC6B3DB3EADB2C400000000000000000943A03B9907C4EC0711B22CD6ADC2C4000000000000000005417123D207C4EC0C413EA1BF4DC2C400000000000000000FCF0FF83B07B4EC06986329086DD2C4000000000000000007850529A417B4EC0C135921922DE2C4000000000000000003EA7778CD37A4EC0D6489BA6C6DE2C4000000000000000006BECC566667A4EC0393CDD2474DF2C400000000000000000E93C7935FA794EC0B2EFE6802AE02C400000000000000000C47DB2048F794EC0B1D048A6E9E02C400000000000000000350276E024794EC03D21977FB1E12C4000000000000000003034AAD4BB784EC09F5A6CF681E22C400000000000000000BF4016ED53784EC0DDAC6BF35AE32C4000000000000000000CC76035ED774EC08297435E3CE42C400000000000000000B28B0EB987774EC056A1B01D26E52C4000000000000000003A2F818323774EC05027801718E62C40000000000000000093E8F59FC0764EC07B49933012E72C400000000000000000D94384195F764EC08AEFE14C14E82C40000000000000000068E41CFBFE754EC0EFE97D4F1EE92C400000000000000000084C884FA0754EC0452A961A30EA2C400000000000000000F7A5652143754EC0A3177A8F49EB2C4000000000000000009596297BE7744EC06AF99C8E6AEC2C400000000000000000C40F1D678D744EC0D37C99F792ED2C400000000000000000FB295CEF34744EC0755135A9C2EE2C4000000000000000005E02D51DDE734EC01BDE6481F9EF2C400000000000000000999D46FC88734EC0F40C4F5D37F12C40000000000000000022E43F9435734EC0DD7B51197CF22C400000000000000000F83C1EEFE3724EC0BD360391C7F32C40000000000000000085000D1694724EC031BA3A9F19F52C400000000000000000E718041246724EC05DBF101E72F62C4000000000000000009216C7EBF9714EC099D0E4E6D0F72C400000000000000000DE33E4ABAF714EC0D79961D235F92C400000000000000000D55EB35A67714EC0FB4C81B8A0FA2C4000000000000000009C48550021714EC05819927011FC2C400000000000000000EF7AB2A4DC704EC050B83AD187FD2C400000000000000000F2737A4F9A704EC0620A7FB003FF2C40000000000000000032C822085A704EC0F9C8C4E384002D400000000000000000F74AE6D51B704EC06E48D83F0B022D400000000000000000253DC4BFDF6F4EC0B04BF19896032D400000000000000000A3827FCCA56F4EC076E9B7C226052D40000000000000000077DE9D026E6F4EC0E6804990BB062D4000000000000000006D356768386F4EC0DDBE3DD454082D400000000000000000CDD7E403056F4EC04BB0AB60F2092D400000000000000000C8D1E0DAD36E4EC0D4E52E07940B2D4000000000000000002F43E5F2A46E4EC046A4EC98390D2D400000000000000000BFBD3B51786E4EC0162199E6E20E2D4000000000000000000BABECFA4D6E4EC001CF7CC08F102D4000000000000000006DB9BEF4256E4EC099B379F63F122D400000000000000000FC4F3643006E4EC0BDCA1058F3132D4000000000000000005A0A95EADC6D4EC07A7367B4A9152D400000000000000000CD42D9EEBB6D4EC01AF24CDA62172D400000000000000000357EBD539D6D4EC044CE3F981E192D400000000000000000462AB81C816D4EC0059373BCDC1A2D4000000000000000005726FB4C676D4EC0254BD6149D1C2D4000000000000000006C5173E74F6D4EC0380D166F5F1E2D4000000000000000004C47C8EE3A6D4EC0EBB2A69823202D400000000000000000AB0B5C65286D4EC0607EC75EE9212D40000000000000000045C24A4D186D4EC02DCA888EB0232D4000000000000000003A6F6AA80A6D4EC0F2BFD1F478252D400000000000000000CCBE4A78FF6C4EC06912665E42272D4000000000000000003BD534BEF66C4EC0E1BDEB970C292D4000000000000000004C262B7BF06C4EC003CAF06DD72A2D4000000000000000003255E9AFEC6C4EC0D30FF1ACA22C2D4000000000000000009E1BE45CEB6C4EC004025C216E2E2D400000000000000000AB394982EC6C4EC0B5769A9739302D400000000000000000DA6CFF1FF06C4EC0CA7114DC04322D400000000000000000D76FA635F66C4EC066F036BBCF332D400000000000000000720197C2FE6C4EC0B0B379019A352D4000000000000000005EF4E2C5096D4EC0040B657B63372D4000000000000000001446553E176D4EC09B9B97F52B392D4000000000000000008E3E722A276D4EC00227CC3CF33A2D40000000000000000023977788396D4EC0114FDF1DB93C2D400000000000000000F0A95C564E6D4EC0F153D5657D3E2D4000000000000000001FA9D291656D4EC016D1DFE13F402D40000000000000000086DD44387F6D4EC09573635F00422D40000000000000000087F6D8469B6D4EC033A2FDABBE432D40000000000000000024336FBAB96D4EC0604E8A957A452D4000000000000000005BF6A28FDA6D4EC0AB5C29EA33472D4000000000000000002CFECAC2FD6D4EC04B654478EA482D40000000000000000081C7F94F236E4EC0E94E940E9E4A2D400000000000000000F309FE324B6E4EC0A5CB267C4E4C2D40000000000000000010296367756E4EC0C7E06390FB4D2D400000000000000000C9B171E8A16E4EC08D5F131BA54F2D40000000000000000030DF2FB1D06E4EC0935362EC4A512D400000000000000000472762BC016F4EC08866E8D4EC522D400000000000000000A8CE8B04356F4EC0BE37ADA58A542D4000000000000000002784EF836A6F4EC047A62D3024562D4000000000000000009D039034A26F4EC015116146B9572D400000000000000000C8BF3010DC6F4EC09485BEBA49592D400000000000000000AB93561018704EC0D3E34160D55A2D400000000000000000377B482E56704EC08CF0700A5C5C2D4000000000000000006A52106396704EC0F95A608DDD5D2D400000000000000000339C7BA7D8704EC085B0B8BD595F2D400000000000000000854F1CF41C714EC08040BB70D0602D400000000000000000E1AB494163714EC0C0EF467C41622D40000000000000000015142187AB714EC056F9DCB6AC632D400000000000000000F0EF86BDF5714EC05D9EA5F711652D4000000000000000006D9427DC41724EC083C1741671662D4000000000000000003B3278DA8F724EC0EB71CEEBC9672D400000000000000000ABCAB7AFDF724EC0DA5EEB501C692D400000000000000000BD2AF05231734EC0DA3ABD1F686A2D4000000000000000008BECF6BA84734EC0B706F332AD6B2D40000000000000000084656EDED9734EC02CB2FD65EB6C2D400000000000000000D514C7B330744EC0E3AE1295226E2D4000000000000000008128403189744EC06D38329D526F2D40000000000000000003F2E84CE3744EC02DDB295C7B702D400000000000000000F2EDA1FC3E754EC004A998B09C712D4000000000000000009CE71D369C754EC06700F379B6722D400000000000000000F121E3EEFA754EC00C3A8698C8732D40000000000000000031854C1C5B764EC04E3E7CEDD2742D40000000000000000030D28AB3BC764EC08D03DF5AD5752D40000000000000000014DAA5A91F774EC0ADEF9BC3CF762D400000000000000000EBBA7DF383774EC07423870BC2772D400000000000000000CE20CC85E9774EC025AA5E17AC782D4000000000000000007D8B255550784EC0CA8FCDCC8D792D4000000000000000008B98FA55B8784EC059DA6E12677A2D4000000000000000002651997C21794EC03A6BD0CF377B2D400000000000000000787C2EBD8B794EC0E8C275EDFF7B2D4000000000000000004FF5C60BF7794EC05BA9DA54BF7C2D4000000000000000003304515C637A4EC019BB75F0757D2D40000000000000000056BC9DA2D07A4EC0ACD8BAAB237E2D400000000000000000105C62D23E7B4EC0727B1D73C87E2D40000000000000000033B139DFAD7B4EC0F0EA1234647F2D400000000000000000677FA5BC1D7C4EC06F5714DDF67F2D4000000000000000007CEA0F5E8E7C4EC076D5A05D80802D40000000000000000086E2CCB6FF7C4EC0843C3FA600812D40000000000000000061931BBA717D4EC0F2E77FA877812D4000000000000000002BD6275BE47D4EC09059FE56E5812D4000000000000000000FA50B8D577E4EC02BBD62A549822D400000000000000000F590D042CB7E4EC0DC4F6388A4822D400000000000000000C339716F3F7F4EC090A6C5F5F5822D4000000000000000009DC7DA05B47F4EC07BD65FE43D832D400000000000000000FD65EEF828804EC0DA7F194C7C832D4000000000000000004FC0823B9E804EC0E4B7EC25B1832D400000000000000000BD7F65C013814EC0AAD4E66BDC832D400000000000000000D5C95C7A89814EC0E6192919FE832D40000000000000000039C0285CFF814EC03546E92916842D4000000000000000001401855875824EC0CA00729B24842D400000000000000000D9272A62EB824EC0F327236C29842D400000000000000000'));
INSERT INTO airspace VALUES (27960, '2013-10-17 00:00:00', '2013-09-27 09:29:25', 'smohmdal', '2ND AMDT T-6', NULL, 27960, NULL, NULL, 'CTR', 'CTR012', 'TL', NULL, 'SAINT LUCIA CTR', NULL, 13.775216452373, -61.060970136413005, NULL, NULL, NULL, 4500, NULL, 'FT', 'SFC', 0, 'FT', NULL, NULL, 'FT', NULL, NULL, NULL, NULL, NULL, NULL, NULL, NULL, 'D', NULL, NULL, 'N', NULL, NULL, NULL, NULL, NULL, NULL, NULL, NULL, NULL, NULL, NULL, NULL, NULL, NULL, ST_Force2D('01060000A0E61000000100000001030000800100000082000000F1AF3A4C5D564EC0B0E846C0370F2C400000000000000000862132D5A4624EC0E29F06E6153F2C40000000000000000032A6EFEEEE6E4EC0F3CBF1EEEE6E2C40000000000000000094EE944076834EC061FAEB6E695C2C400000000000000000B1A01BE7FB974EC0306DF1DBD5492C400000000000000000E86D87E27FAC4EC0A320B74034372C4000000000000000002098DF3202C14EC091EAF6A784242C40000000000000000030772ED882D54EC072DE6F1CC7112C4000000000000000001422C4C854CE4EC0B2ED8163E7C12B400000000000000000E127142E29C74EC003A4A6B805722B4000000000000000000200000000C04EC026FF242222222B40000000000000000061876C86D1AF4EC09941F32901022B40000000000000000005304D37A59F4EC0D9BAB2CDD7E12A40000000000000000083303A107B8F4EC0C99BD318A6C12A400000000000000000190CCA0E537F4EC0C554C3166CA12A400000000000000000BE86A77F357E4EC01BBE437A43A12A4000000000000000007942593F107D4EC0DE47E77737A12A40000000000000000036FE0AFFEA7B4EC01BBE437A43A12A400000000000000000D7C77EDFC57A4EC041A6018067A12A4000000000000000008D127301A1794EC097B61A85A3A12A400000000000000000C81C9F857C784EC05247DA82F7A12A400000000000000000AB56AF8C58774EC0A90FDE6F63A22A40000000000000000095C9413735764EC0D52E1740E7A22A4000000000000000006E81E2A512754EC0617FCBE482A32A4000000000000000008EF707F9F0734EC0C036974C36A42A400000000000000000F27F0F51D0724EC02FD06E6301A52A40000000000000000025B939CEB0714EC00140A112E4A52A40000000000000000023FFA69092704EC0A175DA40DEA62A4000000000000000004DE153B8756F4EC09D2426D2EFA72A4000000000000000007B9C15655A6E4EC0D5D8F2A718A92A400000000000000000D99896B6406D4EC0D25515A158AA2A40000000000000000083EC52CC286C4EC0A83CCC99AFAB2A40000000000000000079E294C5126B4EC03DFEC36B1DAD2A400000000000000000458771C1FE694EC0C1121BEEA1AE2A400000000000000000DA3AC5DEEC684EC04D7D66F53CB02A4000000000000000005548303CDD674EC02793B653EEB12A400000000000000000328413F8CF664EC0050D9CD8B5B32A40000000000000000013F18C30C5654EC0225E2D5193B52A400000000000000000356B7403BD644EC01D510C8886B72A400000000000000000B75B588EB7634EC0A0EB6B458FB92A400000000000000000EA727AEEB4624EC0DA94164FADBB2A400000000000000000566BCC40B5614EC066827468E0BD2A4000000000000000007FD4ECA1B8604EC08967925228C02A400000000000000000B7E6232EBF5F4EC0036828CC84C22A400000000000000000B95F6001C95E4EC0284CA191F5C42A40000000000000000015693437D65D4EC09DF7215D7AC72A400000000000000000B487D2EAE65C4EC0092091E612CA2A400000000000000000B1950A37FB5B4EC02D439FE3BECC2A400000000000000000CDC64636135B4EC0AEDCCE077ECF2A40000000000000000015B788022F5A4EC0F3D97C0450D22A400000000000000000C48466B54E594EC05A4BE98834D52A40000000000000000087F5076872584EC00D5040422BD82A40000000000000000051A723339A574EC07240A3DB33DB2A400000000000000000F74CFC2EC6564EC0B50F32FE4DDE2A40000000000000000017F75D73F6554EC0E1E8145179E12A400000000000000000FC699B172B554EC0B4038679B5E42A400000000000000000717F8B3264544EC025B0DB1A02E82A400000000000000000629686DAA1534EC0229992D65EEB2A400000000000000000EC0F6425E4524EC07D3C584CCBEE2A40000000000000000091D977282B524EC02796151A47F22A400000000000000000461C90F876514EC0F440FADBD1F52A400000000000000000CB85F2A9C7504EC01471862C6BF92A400000000000000000FC8F5A501D504EC083EC97A412FD2A40000000000000000027DFF6FE774F4EC0F14574DBC7002B400000000000000000802F67C8D74E4EC04DCDD4668A042B4000000000000000006A37BABE3C4E4EC01C5BF2DA59082B40000000000000000083996BF3A64D4EC0B14791CA350C2B400000000000000000E3E56177164D4EC00E8D0DC71D102B400000000000000000EAABEC5A8B4C4EC0B111676011142B400000000000000000F79BC2AD054C4EC0E6194E2510182B40000000000000000096B9FF7E854B4EC066E22FA3191C2B400000000000000000659E23DD0A4B4EC0C45C43662D202B400000000000000000FDCD0FD6954A4EC0DA1196F94A242B400000000000000000BB1A0677264A4EC06D2519E771282B400000000000000000E11BA7CCBC494EC0627BAEB7A12C2B4000000000000000002EB5F0E258494EC048FB35F3D9302B4000000000000000002AB03CC5FA484EC0E7F39A201A352B40000000000000000079673F7EA2484EC0A598E1C561392B4000000000000000009C83061850484EC02E9D3468B03D2B40000000000000000003D3F79B03484EC069F0F28B05422B4000000000000000003916D012BD474EC03371BDB460462B400000000000000000EAE0A1847C474EC0FBC68465C14A2B400000000000000000C91AD5F841474EC0A2C19720274F2B4000000000000000002E7525760D474EC061D2B06791532B400000000000000000F5F5A102DF464EC0EC7D04BCFF572B400000000000000000C222ACA3B6464EC01E784F9E715C2B4000000000000000002553F75D94464EC064E0E48EE6602B400000000000000000FF16883578464EC02F8BBC0D5E652B40000000000000000068AFB32D62464EC01758819AD7692B400000000000000000989B1F4952464EC04B919FB4526E2B400000000000000000E938C18948464EC0DC5453DBCE722B400000000000000000D876DDF044464EC01403B78D4B772B4000000000000000007A9E087F47464EC04EB4D14AC87B2B400000000000000000892D263450464EC0CEB0A59144802B400000000000000000B4C5680F5F464EC0D6EB3EE1BF842B400000000000000000222F520F74464EC0A57FC1B839892B4000000000000000006C6FB3318F464EC0EF257897B18D2B400000000000000000DAF3AC73B0464EC0B4B1E2FC26922B40000000000000000048D0AED1D7464EC06680C46899962B4000000000000000000D11794705474EC08BE8325B089B2B400000000000000000CC211CD038474EC02D9EA354739F2B4000000000000000002B47F96572474EC0BA10FBD5D9A32B400000000000000000442DC302B2474EC078BB9A603BA82B400000000000000000178A7E9FF7474EC0156A6F7697AC2B400000000000000000E0CF823443484EC09673FF99EDB02B40000000000000000094FD7AB994484EC0D4DA784E3DB52B4000000000000000003C756625EC484EC05F6ABF1786B92B4000000000000000002BF0996E49494EC09AB57A7AC7BD2B4000000000000000000E83C08AAC494EC09E0624FC00C22B400000000000000000B9B5DC6E154A4EC08737142332C62B400000000000000000A8AE490F844A4EC0A07291765ACA2B400000000000000000AF71BC5FF84A4EC0FDD9DC7E79CE2B400000000000000000EC314553724B4EC0F41340C58ED22B400000000000000000E4B650DCF14B4EC016BB1AD499D62B4000000000000000004DD4A9EC764C4EC0F9AFEF369ADA2B400000000000000000FDF47A75014D4EC0354C727A8FDE2B4000000000000000004AB84F67914D4EC0A273932C79E22B4000000000000000001AA216B2264E4EC0A6828EDC56E62B4000000000000000002DDD2245C14E4EC0BB19F61A28EA2B400000000000000000760F2E0F614F4EC0B0C1C079ECED2B400000000000000000E2405AFE05504EC0276A558CA3F12B4000000000000000007CD33300B0504EC0F8BE97E74CF52B400000000000000000388DB3015F514EC04953F421E8F82B40000000000000000067B340EF12524EC082A26CD374FC2B4000000000000000008819B3B4CB524EC0E240A395F2FF2B400000000000000000A6CF553D89534EC0721BE60361032C40000000000000000001CEE8734B544EC0DAE93BBBBF062C4000000000000000008EBBA34212554EC04C306E5A0E0A2C40000000000000000066433893DD554EC05A9E14824C0D2C400000000000000000F1AF3A4C5D564EC0B0E846C0370F2C400000000000000000'));
INSERT INTO airspace VALUES (27961, '2013-10-17 00:00:00', '2013-09-18 17:02:17.999999', 'smohmdal', '2ND AMDT T-6', NULL, 27961, NULL, NULL, 'CTR', 'CTR013', 'TT', NULL, 'TERRANCE B. LETTSOME CTR', NULL, 18.445833333096299, -64.541111110999907, NULL, NULL, 'MSL', 3500, NULL, 'FT', 'SFC', 0, 'FT', NULL, NULL, 'FT', NULL, NULL, NULL, NULL, NULL, NULL, NULL, NULL, 'D', NULL, NULL, 'N', NULL, NULL, NULL, NULL, NULL, NULL, NULL, NULL, NULL, NULL, NULL, NULL, NULL, NULL, ST_Force2D('01060000A0E6100000010000000103000080010000002D010000D44F7F90A12250C04A0932E18C873240000000000000000027432BA8BF2250C0BEF337AD8B87324000000000000000000BE874BCDD2250C0EC546C118887324000000000000000000052FAC9FB2250C07A0E370E8287324000000000000000001A585ACD192350C04C3645A4798732400000000000000000C6F634C3372350C0920289D46E873240000000000000000077B12BA8552350C013AF39A0618732400000000000000000E6F3E178732350C03B59D3085287324000000000000000006373FD31912350C0C2D51610408732400000000000000000BC8F26D0AE2350C0E57D09B82B8732400000000000000000BEB30850CC2350C08FF4F402158732400000000000000000AEB552AEE92350C009E566F3FB86324000000000000000000237B7E7062450C03EB8308CE08632400000000000000000D203EDF8232450C0F54367D0C28632400000000000000000E971AFDE402450C0317162C3A2863240000000000000000017BFBE955D2450C038DCBC688086324000000000000000003F6FE01A7A2450C0A36B53C45B863240000000000000000053A9DF6A962450C068E144DA34863240000000000000000041948D82B22450C03863F1AE0B8632400000000000000000BAB2C15ECE2450C07DFCF946E08532400000000000000000743E5AFCE92450C0031840A7B2853240000000000000000079823C58052550C0A6F3E4D4828532400000000000000000FF34556F202550C05B0B49D55085324000000000000000000FD0983E3B2550C05D7E0BAE1C85324000000000000000005DE903C3552550C0726C0965E6843240000000000000000053899BF96F2550C0804C5D00AE8432400000000000000000F7806DDF892550C0833C5E8673843240000000000000000009BF9071A32550C0CF499FFD368432400000000000000000A59A25ADBC2550C0837FEE6CF883324000000000000000006E4B568FD52550C024F854DBB7833240000000000000000071025715EE2550C0E3C714507583324000000000000000005B61663C062650C08C0DA9D2308332400000000000000000D7BFCD011E2650C0E3DFC46AEA8232400000000000000000F279E162352650C014705220A28232400000000000000000E53C015D4C2650C0372472FB578232400000000000000000C05298ED622650C093AD79040C8232400000000000000000ABEC1D12792650C01217F343BE8132400000000000000000C26B15C88E2650C078CF9BC26E8132400000000000000000BFA80E0DA42650C0A5AC63891D8132400000000000000000F239A6DEB82650C0DBE96BA1CA803240000000000000000014B8853ACD2650C0F11F06147680324000000000000000003F01641EE12650C0BD38B3EA1F8032400000000000000000B77A0588F42650C0C05C222FC87F32400000000000000000F0503C75072750C050DB2FEB6E7F324000000000000000003CB6E8E3192750C0B40EE428147F324000000000000000008F1FF9D12B2750C0503A72F2B77E32400000000000000000EA7F6A3D3D2750C04C6437525A7E324000000000000000000E8248244E2750C02F2BB952FB7D324000000000000000005AC0AD845E2750C0BB95A4FE9A7D324000000000000000003FFBC35C6E2750C0BDDFCC60397D324000000000000000009F4DC4AA7D2750C021412A84D67C32400000000000000000E05FF76C8C2750C076B2D873727C32400000000000000000B898B5A19A2750C00CAC163B0D7C32400000000000000000A74C6747A82750C031E243E5A67B324000000000000000004CEB845CB52750C009FDDF7D3F7B32400000000000000000142B97DFC12750C0774D8910D77A32400000000000000000003337CFCD2750C0327EFBA86D7A3240000000000000000091C20E2AD92750C0B8410E53037A324000000000000000002652D8EEE32750C0D0F4B31A9879324000000000000000002A535F1CEE2750C0916EF80B2C7932400000000000000000C10E80B1F72750C06147FF32BF7832400000000000000000413A28AD002850C02E15039C517832400000000000000000887E560E092850C0B54B5353E37732400000000000000000BE161BD4102850C0927B5365747732400000000000000000C8AB97FD172850C0C2A079DE0477324000000000000000008779FF891E2850C059CA4CCB9476324000000000000000003D659778242850C003B363382476324000000000000000001912B6C8292850C0CF556332B37532400000000000000000AAF3C3792E2850C0EA82FDC5417532400000000000000000645E3B8B322850C02872EFFFCF74324000000000000000002C96A8FC352850C0335400ED5D7432400000000000000000A3DAA9CD382850C0A7E3FF99EB7332400000000000000000A271EFFD3A2850C087F3C413797332400000000000000000C4AF3B8D3C2850C032FF2B6706733240000000000000000084FE627B3D2850C040B715A1937232400000000000000000D0E04BC83D2850C0599065CE20723240000000000000000014F5EE733D2850C0F14F00FCAD7132400000000000000000CCF5567E3C2850C0D499CA363B71324000000000000000007DB7A0E73A2850C0A27DA78BC870324000000000000000000625FBAF382850C079047707567032400000000000000000C739A7D7352850C08FBE14B7E36F32400000000000000000C8F9F75E322850C0625256A7716F32400000000000000000DC6752462E2850C0710B0AE5FF6E32400000000000000000B1792D8E292850C09F6AF57C8E6E32400000000000000000F0091237242850C06BB7D37B1D6E3240000000000000000063C89A411E2850C0D29154EEAC6D32400000000000000000052874AE172850C0E4861AE13C6D32400000000000000000174B5C7E102850C010A5B960CD6C324000000000000000004BED22B2082850C09C13B6795E6C324000000000000000000C4CA94A002850C0FCAA8238F06B324000000000000000004101E248F72750C0949D7FA9826B32400000000000000000D21FD1ADED2750C065CFF8D8156B324000000000000000008F9F8B7AE32750C0880825D3A96A3240000000000000000081CE37B0D82750C074DD23A43E6A3240000000000000000073B40C50CD2750C0A6F7FC57D46932400000000000000000913E525BC12750C08D4E9EFA6A69324000000000000000001FF860D3B42750C0A701DB9702693240000000000000000024EAA1B9A72750C0A2FB693B9B683240000000000000000093728E0F9A2750C0C0A2E4F0346832400000000000000000A319B0D68B2750C0BF8BC5C3CF67324000000000000000001865A0107D2750C0F03067BF6B673240000000000000000048AA08BF6D2750C0C7AC02EF086732400000000000000000BDDDA1E35D2750C00878AE5DA76632400000000000000000A06134804D2750C0582C5D164766324000000000000000002FD297963C2750C0C549DC23E8653240000000000000000085D0B2282B2750C0D401D3908A6532400000000000000000C9CB7A38192750C0F105C1672E6532400000000000000000B6C8F3C7062750C0CF5AFDB2D364324000000000000000007A2730D9F32650C0EA2FB57C7A64324000000000000000000368506EE02650C070BCEACE226432400000000000000000C4EC8289CC2650C0FA1F74B3CC6332400000000000000000EEBB032DB82650C06749FA33786332400000000000000000113F1C5BA32650C0FDE1F759256332400000000000000000740123168E2650C0BE3DB82ED46232400000000000000000B96C7B60782650C0BE5156BB8462324000000000000000004684953C622650C0E8AEBB08376232400000000000000000449FEDAC4B2650C074839F1FEB613240000000000000000018210CB4342650C0C2A08508A16132400000000000000000D23085541D2650C02588BDCB586132400000000000000000046FF890052650C0F47C61711261324000000000000000007FAA106CED2550C0FF9B5501CE6032400000000000000000BF9383E8D42550C0EAFA46838B60324000000000000000009F781109BC2550C06996AAFE4A6032400000000000000000D1D084D0A22550C0504BBD7A0C6032400000000000000000A723B241892550C065DB81FECF5F32400000000000000000BC93775F6F2550C030E7C090955F324000000000000000007D95BC2C552550C0A1FC07385D5F32400000000000000000CA9B71AC3A2550C0AADBA8FA265F32400000000000000000F8C38FE11F2550C067C1B8DEF25E32400000000000000000818018CF042550C000BA0FEAC05E32400000000000000000F5421578E92450C0F8F94722915E324000000000000000001D2597DFCD2450C04E3DBD8C635E324000000000000000002791B608B22450C0E52E8C2E385E32400000000000000000FDE892F6952450C0F3D5910C0F5E32400000000000000000002D52AC792450C0C70A6B2BE85D32400000000000000000D7A1202D5D2450C087F3738FC35D32400000000000000000CB75307C402450C0C086C73CA15D324000000000000000004165B99C232450C07B163F37815D32400000000000000000A05EF891062450C034E27182635D32400000000000000000EE252F5FE92350C0D3AFB421485D3240000000000000000069F7A307CC2350C01A6D19182F5D32400000000000000000192AA18EAE2350C0EDD66E68185D324000000000000000009CD174F7902350C00F2A4015045D32400000000000000000C35F7045732350C0C1D9D420F25C324000000000000000009A45E87B552350C09C4E308DE25C324000000000000000004694339E372350C08EAD115CD55C324000000000000000008C9DABAF192350C03BA5F38ECA5C324000000000000000001E94ABB3FB2250C059440C27C25C324000000000000000009B2B90ADDD2250C096D64C25BC5C324000000000000000007438B7A0BF2250C0B4C9618AB85C32400000000000000000D44F7F90A12250C0A89AB256B75C3240000000000000000033674780832250C0B4C9618AB85C324000000000000000000C746E73652250C096D64C25BC5C32400000000000000000890B536D472250C059440C27C25C324000000000000000001A025371292250C03BA5F38ECA5C32400000000000000000610BCB820B2250C08EAD115CD55C324000000000000000000E5A16A5ED2150C09C4E308DE25C32400000000000000000E43F8EDBCF2150C0C1D9D420F25C324000000000000000000BCE8929B22150C00F2A4015045D324000000000000000008F755D92942150C0EDD66E68185D324000000000000000003DA85A19772150C01A6D19182F5D32400000000000000000B979CFC1592150C0D3AFB421485D324000000000000000000641068F3C2150C034E27182635D32400000000000000000663A45841F2150C07B163F37815D32400000000000000000DC29CEA4022150C0C086C73CA15D32400000000000000000CEFDDDF3E52050C087F3738FC35D32400000000000000000A772AC74C92050C0C70A6B2BE85D32400000000000000000AAB66B2AAD2050C0F3D5910C0F5E324000000000000000007F0E4818912050C0E52E8C2E385E324000000000000000008A7A6741752050C04E3DBD8C635E32400000000000000000B25CE9A8592050C0F8F94722915E32400000000000000000251FE6513E2050C000BA0FEAC05E32400000000000000000AEDB6E3F232050C067C1B8DEF25E32400000000000000000DC038D74082050C0AADBA8FA265F324000000000000000002A0A42F4ED1F50C0A1FC07385D5F32400000000000000000EA0B87C1D31F50C030E7C090955F32400000000000000000007C4CDFB91F50C065DB81FECF5F32400000000000000000D5CE7950A01F50C0504BBD7A0C60324000000000000000000827ED17871F50C06996AAFE4A6032400000000000000000E80B7B386E1F50C0EAFA46838B603240000000000000000028F5EDB4551F50C0FF9B5501CE6032400000000000000000A23006903D1F50C0F47C6171126132400000000000000000D56E79CC251F50C02588BDCB5861324000000000000000008E7EF26C0E1F50C0C2A08508A1613240000000000000000063001174F71E50C074839F1FEB6132400000000000000000611B69E4E01E50C0E8AEBB08376232400000000000000000EC3283C0CA1E50C0BE5156BB846232400000000000000000339EDB0AB51E50C0BE3DB82ED462324000000000000000009660E2C59F1E50C0FDE1F759256332400000000000000000B9E3FAF38A1E50C06749FA33786332400000000000000000E3B27B97761E50C0FA1F74B3CC6332400000000000000000A337AEB2621E50C070BCEACE2264324000000000000000002D78CE474F1E50C0EA2FB57C7A6432400000000000000000F0D60A593C1E50C0CF5AFDB2D36432400000000000000000DCD383E8291E50C0F105C1672E653240000000000000000023CF4BF8171E50C0D401D3908A653240000000000000000079CD668A061E50C0C549DC23E86532400000000000000000073ECAA0F51D50C0582C5D16476632400000000000000000EAC15C3DE51D50C00878AE5DA7663240000000000000000060F5F561D51D50C0C7AC02EF0867324000000000000000008E3A5E10C61D50C0F03067BF6B673240000000000000000004864E4AB71D50C0BF8BC5C3CF6732400000000000000000142D7011A91D50C0C0A2E4F034683240000000000000000084B55C679B1D50C0A2FB693B9B683240000000000000000088A79D4D8E1D50C0A701DB970269324000000000000000001661ACC5811D50C08D4E9EFA6A693240000000000000000034EBF1D0751D50C0A6F7FC57D4693240000000000000000026D1C6706A1D50C074DD23A43E6A32400000000000000000180073A65F1D50C0880825D3A96A32400000000000000000D47F2D73551D50C065CFF8D8156B32400000000000000000659E1CD84B1D50C0949D7FA9826B324000000000000000009B5355D6421D50C0FCAA8238F06B324000000000000000005BB2DB6E3A1D50C09C13B6795E6C324000000000000000009154A2A2321D50C010A5B960CD6C32400000000000000000A3778A722B1D50C0E4861AE13C6D3240000000000000000045D763DF241D50C0D29154EEAC6D32400000000000000000B795ECE91E1D50C06BB7D37B1D6E32400000000000000000F525D192191D50C09F6AF57C8E6E32400000000000000000CC37ACDA141D50C0710B0AE5FF6E32400000000000000000DFA506C2101D50C0625256A7716F32400000000000000000E26557490D1D50C08FBE14B7E36F324000000000000000009F7A03710A1D50C0790477075670324000000000000000002BE85D39081D50C0A27DA78BC87032400000000000000000DCA9A7A2061D50C0D499CA363B713240000000000000000093AA0FAD051D50C0F14F00FCAD7132400000000000000000D8BEB258051D50C0599065CE20723240000000000000000023A19BA5051D50C040B715A1937232400000000000000000E3EFC293061D50C032FF2B67067332400000000000000000042E0F23081D50C087F3C41379733240000000000000000005C554530A1D50C0A7E3FF99EB7332400000000000000000790956240D1D50C0335400ED5D74324000000000000000004441C395101D50C02872EFFFCF7432400000000000000000FFAB3AA7141D50C0EA82FDC54175324000000000000000008E8D4858191D50C0CF556332B37532400000000000000000693A67A81E1D50C003B363382476324000000000000000002026FF96241D50C059CA4CCB947632400000000000000000DEF366232B1D50C0C2A079DE047732400000000000000000E988E34C321D50C0927B53657477324000000000000000001F21A8123A1D50C0B54B5353E377324000000000000000006565D673421D50C02E15039C517832400000000000000000E6907E6F4B1D50C06147FF32BF78324000000000000000007D4C9F04551D50C0916EF80B2C7932400000000000000000804D26325F1D50C0D0F4B31A98793240000000000000000017DDEFF6691D50C0B8410E53037A32400000000000000000A76CC751751D50C0327EFBA86D7A3240000000000000000093746741811D50C0774D8910D77A324000000000000000005BB479C48D1D50C009FDDF7D3F7B32400000000000000000FF5297D99A1D50C031E243E5A67B32400000000000000000EF06497FA81D50C00CAC163B0D7C32400000000000000000C73F07B4B61D50C076B2D873727C3240000000000000000007523A76C51D50C021412A84D67C3240000000000000000068A43AC4D41D50C0BDDFCC60397D324000000000000000004EDF509CE41D50C0BB95A4FE9A7D32400000000000000000981DB6FCF41D50C02F2BB952FB7D32400000000000000000BE1F94E3051E50C04C6437525A7E324000000000000000001780054F171E50C0503A72F2B77E324000000000000000006AE9153D291E50C0B40EE428147F32400000000000000000B74EC2AB3B1E50C050DB2FEB6E7F32400000000000000000F024F9984E1E50C0C05C222FC87F32400000000000000000689E9A02621E50C0BD38B3EA1F803240000000000000000092E778E6751E50C0F11F0614768032400000000000000000B56558428A1E50C0DBE96BA1CA8032400000000000000000EAF6EF139F1E50C0A5AC63891D8132400000000000000000E533E958B41E50C078CF9BC26E8132400000000000000000FDB2E00ECA1E50C01217F343BE8132400000000000000000E84C6633E01E50C093AD79040C8232400000000000000000C262FDC3F61E50C0372472FB578232400000000000000000B6251DBE0D1F50C014705220A28232400000000000000000D0DF301F251F50C0E3DFC46AEA82324000000000000000004D3E98E43C1F50C08C0DA9D2308332400000000000000000369DA70B551F50C0E3C714507583324000000000000000003954A8916D1F50C024F854DBB783324000000000000000000305D973861F50C0837FEE6CF883324000000000000000009EE06DAF9F1F50C0CF499FFD368432400000000000000000B11E9141B91F50C0833C5E8673843240000000000000000055166327D31F50C0804C5D00AE84324000000000000000004AB6FA5DED1F50C0726C0965E6843240000000000000000096CF65E2072050C05D7E0BAE1C8532400000000000000000A66AA9B1222050C05B0B49D55085324000000000000000002F1DC2C83D2050C0A6F3E4D48285324000000000000000003361A424592050C0031840A7B28532400000000000000000ECEC3CC2742050C07DFCF946E08532400000000000000000660B719E902050C03863F1AE0B863240000000000000000055F61EB6AC2050C068E144DA34863240000000000000000069301E06C92050C0A36B53C45B863240000000000000000090E03F8BE52050C038DCBC68808632400000000000000000BE2D4F42022150C0317162C3A28632400000000000000000D59B11281F2150C0F54367D0C28632400000000000000000A76847393C2150C03EB8308CE08632400000000000000000FAE9AB72592150C009E566F3FB8632400000000000000000E8EBF5D0762150C08FF4F402158732400000000000000000EB0FD850942150C0E57D09B82B8732400000000000000000442C01EFB12150C0C2D51610408732400000000000000000C2AB1CA8CF2150C03B59D30852873240000000000000000031EED278ED2150C013AF39A0618732400000000000000000E1A8C95D0B2250C0920289D46E87324000000000000000008D47A453292250C04C3645A4798732400000000000000000A74D0457472250C07A0E370E8287324000000000000000009CB78964652250C0EC546C118887324000000000000000007F5CD378832250C0BEF337AD8B8732400000000000000000D44F7F90A12250C04A0932E18C8732400000000000000000'));

--
-- Data for Name: airspacebdr;
--

INSERT INTO airspacebdr VALUES (24592, '2012-05-31 00:00:00', '2012-10-01 16:12:37.999999', 27958, 't.aloisi', 'FIRST LOAD', NULL, 24592, NULL, 'A', NULL, NULL, NULL, 'A');
INSERT INTO airspacebdr VALUES (24593, '2012-05-31 00:00:00', '2012-10-01 16:58:15', 27959, 'fa.desan', 'FIRST LOAD', NULL, 24593, NULL, 'A', NULL, NULL, NULL, 'A');
INSERT INTO airspacebdr VALUES (24594, '2012-05-31 00:00:00', '2012-10-02 11:16:40.999999', 27955, 'fa.desan', 'FIRST LOAD', NULL, 24594, NULL, 'A', NULL, NULL, NULL, 'A');
INSERT INTO airspacebdr VALUES (24595, '2012-05-31 00:00:00', '2012-10-02 11:27:04.999999', 27954, 'fa.desan', 'FIRST LOAD', NULL, 24595, NULL, 'A', NULL, NULL, NULL, 'A');
INSERT INTO airspacebdr VALUES (24596, '2012-05-31 00:00:00', '2012-10-02 11:35:57.999999', 27960, 'fa.desan', 'FIRST LOAD', NULL, 24596, NULL, 'A', NULL, NULL, NULL, 'A');
INSERT INTO airspacebdr VALUES (24597, '2012-05-31 00:00:00', '2012-10-02 11:40:56.999999', 27961, 'fa.desan', 'FIRST LOAD', NULL, 24597, NULL, 'A', NULL, NULL, NULL, 'A');
INSERT INTO airspacebdr VALUES (24598, '2012-05-31 00:00:00', '2012-10-02 11:55:11.999999', 27957, 'fa.desan', 'FIRST LOAD', NULL, 24598, NULL, 'A', NULL, NULL, NULL, 'A');
INSERT INTO airspacebdr VALUES (24599, '2012-05-31 00:00:00', '2012-10-02 12:05:40', 27956, 'fa.desan', 'FIRST LOAD', NULL, 24599, NULL, 'A', NULL, NULL, NULL, 'A');


--
-- Data for Name: airspacevtx;
--

INSERT INTO airspacevtx VALUES (315193, '2012-08-23 00:00:00', '2013-04-24 13:26:15.999999', 24593, NULL, 'Administ', 'AMD 15-2', NULL, 315193, NULL, NULL, 10, 'CIR', 0, 0, 'WGE', NULL, NULL, 14.590747222000001, NULL, NULL, 3, 165, -61.022808333, 10, 'NM', NULL, NULL, NULL);
INSERT INTO airspacevtx VALUES (315194, '2013-06-27 00:00:00', '2013-05-06 14:28:55', 24599, NULL, 'smohmdal', 'AMD00-3', NULL, 315194, NULL, NULL, 10, 'GRC', 18.150086111, -63.255986110999999, 'WGE', NULL, 'M', NULL, NULL, NULL, NULL, NULL, NULL, NULL, NULL, NULL, NULL, NULL);
INSERT INTO airspacevtx VALUES (315195, '2013-06-27 00:00:00', '2013-05-06 15:02:00.999999', 24599, NULL, 'smohmdal', 'AMD00-3', NULL, 315195, 'A', NULL, 20, 'CWA', 18.255875, -63.220594444, 'WGE', NULL, 'M', 18.204800000000002, NULL, NULL, NULL, NULL, -63.053855556000002, 10, 'NM', NULL, NULL, NULL);
INSERT INTO airspacevtx VALUES (315196, '2013-06-27 00:00:00', '2013-05-08 16:59:33.999999', 24599, NULL, 'smohmdal', 'AMD00-3', NULL, 315196, 'A', NULL, 30, 'GRC', 18.153615833, -62.887194444000002, 'WGE', NULL, 'M', NULL, NULL, NULL, NULL, NULL, NULL, NULL, NULL, NULL, NULL, NULL);
INSERT INTO airspacevtx VALUES (315197, '2013-06-27 00:00:00', '2013-05-08 17:01:44', 24599, NULL, 'smohmdal', 'AMD00-3', NULL, 315197, 'A', NULL, 40, 'GRC', 18.150063889000002, -62.888391667, 'WGE', NULL, 'M', NULL, NULL, NULL, NULL, NULL, NULL, NULL, NULL, NULL, NULL, NULL);
INSERT INTO airspacevtx VALUES (315198, '2012-05-31 00:00:00', '2012-10-01 16:12:40', 24592, NULL, 't.aloisi', 'FIRST LOAD', NULL, 315198, 'A', NULL, 10, 'CIR', 0, 0, 'WGE', NULL, 'M', 13.075047222, NULL, NULL, 3, 147, -59.483830556000001, 25, 'NM', NULL, NULL, NULL);
INSERT INTO airspacevtx VALUES (315199, '2012-05-31 00:00:00', '2012-10-02 11:16:43.999999', 24594, NULL, 'fa.desan', 'FIRST LOAD', NULL, 315199, 'A', NULL, 40, 'CWA', 16.294444444, -61.884722222000001, 'WGE', NULL, 'M', 16.265194443999999, NULL, NULL, 3, 186, -61.540138888999998, 20, 'NM', NULL, NULL, NULL);
INSERT INTO airspacevtx VALUES (315200, '2012-05-31 00:00:00', '2012-10-02 11:16:45', 24594, NULL, 'fa.desan', 'FIRST LOAD', NULL, 315200, 'A', NULL, 30, 'GRC', 16.033611110999999, -61.508055556000002, 'WGE', NULL, 'M', NULL, NULL, NULL, NULL, NULL, NULL, NULL, NULL, NULL, NULL, NULL);
INSERT INTO airspacevtx VALUES (315201, '2012-05-31 00:00:00', '2012-10-02 11:16:46', 24594, NULL, 'fa.desan', 'FIRST LOAD', NULL, 315201, 'A', NULL, 20, 'CWA', 16.309722222000001, -61.303333333000005, 'WGE', NULL, 'M', 16.265194443999999, NULL, NULL, 3, 186, -61.540138888999998, 14, 'NM', NULL, NULL, NULL);
INSERT INTO airspacevtx VALUES (315202, '2012-05-31 00:00:00', '2012-10-02 11:16:46', 24594, NULL, 'fa.desan', 'FIRST LOAD', NULL, 315202, 'A', NULL, 10, 'GRC', 16.5975, -61.568333332999998, 'WGE', NULL, 'M', NULL, NULL, NULL, NULL, NULL, NULL, NULL, NULL, NULL, NULL, NULL);
INSERT INTO airspacevtx VALUES (315203, '2012-05-31 00:00:00', '2012-10-02 11:27:07.999999', 24595, NULL, 'fa.desan', 'FIRST LOAD', NULL, 315203, 'A', NULL, 70, 'GRC', 17.183333333, -63, 'WGE', NULL, 'M', NULL, NULL, NULL, NULL, NULL, NULL, NULL, NULL, NULL, NULL, NULL);
INSERT INTO airspacevtx VALUES (315204, '2012-05-31 00:00:00', '2012-10-02 11:27:09', 24595, NULL, 'fa.desan', 'FIRST LOAD', NULL, 315204, 'A', NULL, 60, 'GRC', 16.833333332999999, -62.5, 'WGE', NULL, 'M', NULL, NULL, NULL, NULL, NULL, NULL, NULL, NULL, NULL, NULL, NULL);
INSERT INTO airspacevtx VALUES (315205, '2012-05-31 00:00:00', '2012-10-02 11:27:10', 24595, NULL, 'fa.desan', 'FIRST LOAD', NULL, 315205, 'A', NULL, 50, 'GRC', 17.283333333000002, -62.5, 'WGE', NULL, 'M', NULL, NULL, NULL, NULL, NULL, NULL, NULL, NULL, NULL, NULL, NULL);
INSERT INTO airspacevtx VALUES (315206, '2012-05-31 00:00:00', '2012-10-02 11:27:10', 24595, NULL, 'fa.desan', 'FIRST LOAD', NULL, 315206, 'A', NULL, 30, 'GRC', 17.527777778000001, -62.741666667000004, 'WGE', NULL, 'M', NULL, NULL, NULL, NULL, NULL, NULL, NULL, NULL, NULL, NULL, NULL);
INSERT INTO airspacevtx VALUES (315207, '2012-05-31 00:00:00', '2012-10-02 11:27:10.999999', 24595, NULL, 'fa.desan', 'FIRST LOAD', NULL, 315207, 'A', NULL, 10, 'GRC', 17.366666667000001, -63, 'WGE', NULL, 'M', NULL, NULL, NULL, NULL, NULL, NULL, NULL, NULL, NULL, NULL, NULL);
INSERT INTO airspacevtx VALUES (315208, '2012-05-31 00:00:00', '2012-10-02 11:36:00.999999', 24596, NULL, 'fa.desan', 'FIRST LOAD', NULL, 315208, 'A', NULL, 70, 'GRC', 14.216666667, -60.866666667000004, 'WGE', NULL, 'M', NULL, NULL, NULL, NULL, NULL, NULL, NULL, NULL, NULL, NULL, NULL);
INSERT INTO airspacevtx VALUES (315209, '2012-05-31 00:00:00', '2012-10-02 11:36:00.999999', 24596, NULL, 'fa.desan', 'FIRST LOAD', NULL, 315209, 'A', NULL, 60, 'GRC', 14.034722222000001, -61.668055555999999, 'WGE', NULL, 'M', NULL, NULL, NULL, NULL, NULL, NULL, NULL, NULL, NULL, NULL, NULL);
INSERT INTO airspacevtx VALUES (315210, '2012-05-31 00:00:00', '2012-10-02 11:36:02', 24596, NULL, 'fa.desan', 'FIRST LOAD', NULL, 315210, 'A', NULL, 50, 'GRC', 13.566666667, -61.5, 'WGE', NULL, 'M', NULL, NULL, NULL, NULL, NULL, NULL, NULL, NULL, NULL, NULL, NULL);
INSERT INTO airspacevtx VALUES (315211, '2012-05-31 00:00:00', '2012-10-02 11:36:02.999999', 24596, NULL, 'fa.desan', 'FIRST LOAD', NULL, 315211, 'A', NULL, 30, 'GRC', 13.315277778, -60.994722222, 'WGE', NULL, 'M', NULL, NULL, NULL, NULL, NULL, NULL, NULL, NULL, NULL, NULL, NULL);
INSERT INTO airspacevtx VALUES (315212, '2012-05-31 00:00:00', '2012-10-02 11:36:04', 24596, NULL, 'fa.desan', 'FIRST LOAD', NULL, 315212, 'A', NULL, 10, 'CWA', 14.029722222, -60.674722222, 'WGE', NULL, 'M', 13.733369444000001, NULL, NULL, 3, 149, -60.977058333000002, 25, 'NM', NULL, NULL, NULL);
INSERT INTO airspacevtx VALUES (315213, '2012-05-31 00:00:00', '2012-10-02 11:50:47', 24597, NULL, 'fa.desan', 'FIRST LOAD', NULL, 315213, 'A', NULL, 10, 'CIR', 0, 0, 'WGE', NULL, 'M', 18.445833332999999, NULL, NULL, NULL, NULL, -64.541111111000006, 5, 'NM', NULL, NULL, NULL);
INSERT INTO airspacevtx VALUES (315214, '2012-05-31 00:00:00', '2012-10-02 11:58:56', 24598, NULL, 'fa.desan', 'FIRST LOAD', NULL, 315214, 'A', NULL, 70, 'GRC', 17.66, -61.380000000000003, 'WGE', NULL, 'M', NULL, NULL, NULL, NULL, NULL, NULL, NULL, NULL, NULL, NULL, NULL);
INSERT INTO airspacevtx VALUES (315215, '2012-05-31 00:00:00', '2012-10-02 11:58:57.999999', 24598, NULL, 'fa.desan', 'FIRST LOAD', NULL, 315215, 'A', NULL, 60, 'CWA', 17.652777778000001, -62.230000000000004, 'WGE', NULL, 'M', 17.125877778, NULL, NULL, 3, 144, -61.800166666999999, 40, 'NM', NULL, NULL, NULL);
INSERT INTO airspacevtx VALUES (315216, '2012-05-31 00:00:00', '2012-10-02 11:58:59.999999', 24598, NULL, 'fa.desan', 'FIRST LOAD', NULL, 315216, 'A', NULL, 50, 'GRC', 17.389444443999999, -62.014722222000003, 'WGE', NULL, 'M', NULL, NULL, NULL, NULL, NULL, NULL, NULL, NULL, NULL, NULL, NULL);
INSERT INTO airspacevtx VALUES (315217, '2012-05-31 00:00:00', '2012-10-02 11:59:02', 24598, NULL, 'fa.desan', 'FIRST LOAD', NULL, 315217, 'A', NULL, 30, 'CWA', 17.393055556, -61.590277778000001, 'WGE', NULL, 'M', 17.125877778, NULL, NULL, 3, 144, -61.800166666999999, 20, 'NM', NULL, NULL, NULL);
	


